topic0,topic1,topic2,topic3,topic4,topic5,topic6,topic7,topic8,topic9
0.8153974321107694,-0.20449326443608043,0.4137718473019097,-0.016074055067549848,-0.08171716601273772,-0.28864182543829625,-0.09939301482201755,-0.12051691708739141,0.05650754682018013,0.06523661150527121
0.6034153196602661,-0.33405738723568545,0.4810400653405602,0.11172837962066796,-0.04783465686711371,-0.21226817981358045,0.22492138827612612,-0.393790477186422,-0.15749751020055155,0.05099870245357573
0.7433388974426931,-0.10954419041183629,0.49804075231498995,0.10740117769006931,-0.10597005868406603,-0.22914145822893814,0.01813275158505454,-0.24547774229335217,-0.2121885890392424,-0.08074758685720493
0.6153087504252194,-0.1710489990395267,0.6044821734217233,-0.11214531622223031,0.12558847576365345,-0.3527333847411539,-0.07610634660821902,-0.1554023004969137,-0.20952707443731128,-0.01118748277613418
0.5836338011155876,-0.3635933081853754,0.505523366880151,0.052532281881700275,-0.25183384340051385,0.03747984445162733,0.1847513339681214,-0.3606554550509543,0.12942206376093926,-0.1519127073865086
0.8011598734402253,0.3102962373989262,0.1417055859842511,-0.1469118900768427,0.25061438115268064,0.09530580246474504,-0.22432949173350442,0.27129968451401654,0.04570371468962557,0.14929397998909041
0.3917421483642424,0.6184405648103765,-0.6306157845035157,0.04924491986514042,0.08258607353034787,-0.12224237647431886,-0.09592712636969876,-0.06958568215207983,-0.018899113273886766,-0.16674235164041235
0.7095512708097803,-0.2248318277401863,0.583839683524089,-0.10513303361130114,-0.04623998513200254,-0.2639217954991627,0.05186564023686462,-0.11584468920205312,-0.06441724808091633,-0.04487141233660022
0.5564079748286281,0.5001416183155387,-0.5073286388094143,0.10158271801858836,-0.059958928042484816,0.2852498513585929,-0.1297098946281899,0.18526784694360382,-0.18292597427787333,0.05471595860783871
0.7357704209108141,0.40261054735097773,-0.12479949085411564,0.17400437145777392,0.13443957183989635,0.21604737562480447,-0.28886495476807744,0.07043596025634047,-0.3119481947534791,0.015095392654629825
0.6621215745743692,-0.13867453215581044,0.6246964398526204,-0.06242587970356819,0.12890256686378562,-0.34154759515600974,-0.025673420109804473,-0.1187178533794749,-0.002248562734673773,-0.013893215853776385
0.6846517804291153,-0.1330500706786562,0.6345751797440651,-0.007593563797972354,0.08271430467584899,-0.2179803738133427,0.016850561278310743,-0.17109323474006036,0.08352682730198616,-0.14112274960161356
0.28951161240077034,0.47006059250520854,-0.5325634134481868,0.3225384498387,-0.30602598152663946,-0.30175214549074986,-0.047485221700398775,0.2715549038433356,-0.08851054481048959,-0.1975700822221313
0.2414357291920818,-0.317137502401774,-0.27907635839128764,0.22061198702738502,-0.6186678869043697,-0.03800889939239584,0.4752367653478657,0.13826138005410799,0.05131068697846402,-0.2877250787401557
0.3521840206563637,0.7027868445162399,-0.5884847726998313,0.013806573014661382,0.10866776282614424,-0.1253644628999839,-0.08843068889240614,-0.0026819625625649373,-0.0019563718135156617,0.014006402948561156
0.3983023634042828,0.13259951813247828,-0.2535921694012664,-0.09893051077020146,0.19996810543709867,0.41912782614901123,-0.010597399832327156,-0.07274712937481731,-0.4503857807625979,0.5707619308271951
0.733817286388625,-0.15016555119986474,0.5854889798152415,-0.048445821776879304,-0.024019719040411457,-0.27500962297228015,-0.08771462924363604,-0.04975828681011879,-0.08171035316666764,-0.02765121268519449
0.8210056300669845,-0.1470920375441059,0.4490196257610623,0.028534230423338035,-0.00894784979434201,-0.12968264515306566,-0.19256065519540025,-0.0605127465536095,-0.2024174904429618,-0.05717490649902966
0.6300908415481549,-0.1534197413927726,0.639307195192094,-0.15395224988716594,0.18691907963282928,-0.22266636466529385,-0.11293073216230454,-0.08201662494504423,-0.2069050200793047,-0.014970391653558967
0.6595800691406164,-0.2693165867357171,0.592324312559063,-0.02965495365182213,-0.02519771294747448,-0.2093338395613701,0.04319762796715624,-0.22510033608352545,-0.18966064697611135,-0.08793328422863307
0.6589350836006553,-0.2631717483419331,0.6003261346937263,-0.03303160647350103,-0.0169703845371072,-0.09727972318635805,-0.009093258754095696,-0.22481161052520593,-0.2712936634840019,-0.03298626273903821
0.7256861405418291,-0.08783422403299518,0.6151537432864503,-0.02213221475175939,0.09682686445636604,-0.0874365837848819,-0.1920191805644686,0.01726725850116902,-0.18043980405062543,-0.0034881275535605
0.6225251115003427,-0.16887246420050492,0.6422616387570829,-0.13339354584603208,-0.05613170009396078,-0.35211607734698064,0.02683282479697395,-0.15640321657125084,0.026524216677281286,0.025074395338653653
0.7915074389743527,0.08850176878604898,0.5398794941488856,-0.02067307266583621,0.07251741767077899,-0.10965050753474441,-0.19844313756945384,0.021433000013882066,-0.12283601772091352,0.03970412545689028
0.39352344252868493,0.5744358410986099,-0.5482698025972673,0.10922794837383741,-0.01559312421265275,0.10235749956872196,-0.15707469036410396,-0.03140508877648323,-0.2710960735509359,0.304565627092515
0.3373741570733276,0.5429628133304815,-0.6211816785251668,-0.029894330618988874,-0.07144439987674386,-0.23351130589219665,0.30224669562001943,-0.22459131804157487,0.056079094877319983,0.006220164985769336
0.7166885073707975,0.030694720874830585,-0.35975727291690046,-0.1617218282826005,0.019332201399136485,0.2999422058497386,-0.3024627474374439,-0.2270843989348166,-0.28491737794664934,-0.12356440186975853
0.71281074061038,-0.04633579217331444,0.6174736758130889,0.03412608739147734,0.2528368064138727,-0.06305055566776671,-0.13515704587978272,-0.07910080831998485,-0.12192911394763305,-0.004755551273471253
0.45960141489942324,-0.10619267971742366,0.48865608611542566,0.5795536789569744,0.31636951818649645,-0.0009249299703648814,0.017447416593912808,-0.31369850900353635,0.009796973047523902,0.06264775970398011
0.45274065374334643,-0.024781852257620925,0.29102723185177665,0.6223497604139304,0.26895064508308814,0.05262990120033355,0.12478959960361256,-0.46599843338646846,-0.11308650722268684,0.04214010068187635
0.4601772202143452,0.6305896717287371,-0.5914896975689571,0.0016156880674821586,0.0759670539388587,-0.013342736452477839,-0.09375030727146468,-0.10431062650368744,-0.1212930177248298,0.020001853979633187
0.6718153092874581,-0.21429355504019504,0.5455657573382775,-0.1707805214417259,-0.08486162438483044,-0.17571640170089542,-0.0952169698100326,-0.3110731468865979,0.16888947170827187,-0.05916336335654464
0.7741994901266772,0.13609784913329218,0.3336517327624582,0.026303777779592575,0.2399774768572289,0.014410815371976636,-0.06295971626903543,-0.04839908414701674,-0.3871448141748322,-0.2368391692439323
0.34899063635862276,0.6982023460655968,-0.5243554162059956,0.018112233030427194,0.1341046110832372,-0.21710198174578216,-0.11795363907838587,-0.06404890682504337,0.07217420771743599,-0.16462262087544263
0.5828795415392538,-0.24573558096761722,0.5845296511122459,0.01318800260554082,0.07717437196389633,-0.2958996213519493,-0.13942980180559475,-0.09548908901704747,-0.1602575910557548,-0.3320584692659926
0.638130441909273,-0.15335511675955896,0.607042232787192,-0.10696081243732634,0.2304568041686494,-0.23976828784504028,-0.09635351533413587,-0.11430623973931296,-0.23742045357651262,-0.003647040854251352
0.6478593572451615,-0.2882446086897041,0.5920883160414501,-0.14652782370811654,-0.027751983787872535,-0.2945146773979169,0.07484190401703868,-0.08389565834867888,0.011371841844741637,0.15772172645901206
0.8466806998949742,-0.13955298825614842,0.430813280905233,0.0003247774166103394,0.01595090137998242,0.01313025017828702,-0.10501665690942749,0.0902758839520809,-0.24143326482034225,-0.012707394354652244
0.5014335243968892,0.29483604732962654,-0.5887350879641966,0.10752764259901516,-0.12368303870445799,0.3464417545924235,-0.17439214154847515,0.011696541930060195,-0.34918952834411565,0.12515106816335375
0.615596399729145,-0.21608691922515721,0.653341850971341,-0.04896014369824355,0.10043538084760373,-0.1393206220858308,0.1516548288533812,-0.07155895369904958,-0.29069188837582044,-0.05454997413149526
0.8375449424620103,0.01016480696108837,0.43047536926334096,-0.17975325521521257,0.00702382138722156,-0.1284679884334533,0.029623107825754287,-0.05703211061763726,-0.11713761282387582,0.21538361390092878
0.7773319312130198,-0.06136588410832249,0.4746435086833993,-0.05750364441205441,0.059672359507644844,-0.14882305461909023,0.11051935097993884,-0.28219346716174987,0.14486535879892945,-0.15764968576936464
0.38998843481565376,0.6816625512656435,-0.556007112690708,0.028520640773840193,0.12155303199758521,-0.1209817953650596,-0.12843648218160145,-0.007137011904313039,-0.007317790193993357,-0.1651535626447488
0.4141166079873373,0.4261981695723728,-0.6584607351764057,0.10901520817848726,0.02930427109735441,-0.2224465019661178,0.04283046411544634,-0.28989875017968014,-0.05070586288997795,-0.2502392750428236
0.5464270404858892,-0.22997335524338994,0.41631715506015443,-0.17542754668328656,0.1126179865429813,-0.30339431236757636,0.19405863569548504,0.20316130310208041,0.4937022771223878,-0.1304945221045065
0.4681582556051089,-0.22471743391688254,0.4030963350853492,-0.1192005216763126,0.0842730891415212,-0.34668022336103665,0.2276729976332785,0.1896899429290722,0.5522487534261592,-0.18316500236625638
0.44767952845938447,0.2512526063531326,-0.19774708656983114,-0.0714867258006381,0.15582105589687145,-0.30548930291416065,0.19454139278894705,0.0965867283684473,0.6930835797719587,-0.217017952197731
0.6834834450433624,-0.1638254876923267,0.5803358099283057,-0.08228479553645587,0.11490505574690375,-0.3627586804105443,0.12296532978479523,0.020205858033337187,0.0006149453491982105,-0.046097622902724504
0.6210393535688512,-0.19820984154184496,0.5538223984914128,0.0072506621540402195,0.09139903462871025,-0.42019366808274483,0.03307367161153058,-0.23284636000649617,-0.1379416986806281,-0.09484434235817893
0.6208033163790417,-0.19106315796736154,0.6638096516276415,-0.13926922039059073,0.1290799526379291,-0.31611207825426496,-0.002035319572164986,0.01244456449056234,-0.03510022367034998,0.008912187949043018
0.7615017235546196,0.006104733826857926,0.4227285947145599,0.12086579542369794,0.09778975044488845,0.2431837871054154,-0.16385642606118275,0.3116797169859732,-0.13977820224547863,0.12057173046578315
0.014941986141627324,0.1508133847135152,-0.39927874495434934,0.4122773229365096,-0.5470172954096877,-0.5340895810846966,-0.08181047566106087,-0.0075265872836724045,-0.08739734190701696,-0.22083580313070922
0.20846225186849482,0.510098753211013,-0.5595351409857526,0.2936852710750045,-0.20198340111342442,-0.4338571388406835,-0.19085783610419046,0.11733025488286526,0.08221118718193839,-0.10502878755205634
0.6419147577813781,-0.307518589797646,0.4848534857540791,0.10778749323428102,0.10017912927172196,-0.3826728569790453,-0.21488982553624053,0.10212919969105222,-0.18254725013672346,0.016456969179504843
0.3711040816964119,0.6103468027922336,-0.5615738640256899,0.02498318969992592,0.07043918704460216,-0.3009618088386289,0.0014479199910951799,-0.12492196730847965,0.11542541360597862,-0.22203348035753093
0.6503577208614935,-0.06822269026970439,0.5759363152694841,-0.11764090355671628,0.08009166937342027,-0.40101920457396045,0.030915008126092873,-0.14473404706012757,-0.12619925695436918,0.14757189946107213
0.706244509432768,0.5514456066563697,-0.2901535616376647,0.19009060156997168,-0.008049849271380007,0.10105771014456259,-0.06452339361099804,0.1024749596587833,-0.17128510038178968,0.15007490634112763
0.5999103943408004,0.2574734277245699,-0.6143350823752468,0.017733371106062885,-0.04499521231814506,0.32225383136053515,-0.1133288611263842,-0.0217926005949289,-0.26459057068443675,0.08303172665753
0.5947094698144536,-0.17855905765874538,0.58520570112498,-0.07706373830378646,0.028920541387056367,-0.27801861465677546,-0.1906904872903137,-0.32213330152242725,-0.19625910532276797,-0.09618558585284838
0.5650146040999001,0.5295645708282343,-0.4611316794400282,-0.002499778815338696,-0.010524573733540888,0.27587753121235425,-0.16771289131007344,0.0011675516439808094,-0.22364344040697073,0.1825010777898213
0.8181778166843503,0.48341239181878215,0.04266428514741478,0.038270672984318896,0.07823231667140479,0.036900570840672116,-0.25506546837006994,-0.049059061126867885,-0.10562811213438184,-0.08664989253976323
0.7743225896161533,0.025672789449112138,0.5072528994440659,-0.007626970695243878,0.10866262176794991,0.016055930262637113,-0.2527969208162177,-0.04726047502574191,-0.2518059862632178,0.0281124840194405
0.620594017977855,-0.17350146780713652,-0.31984980602863344,0.18353768626928763,-0.4806851881349032,0.013787831224056479,0.27388295025105047,0.09892745530872242,0.08524747824242321,0.3541981451678024
0.6392770737543588,-0.24964258258125627,0.6696412637560509,-0.13401502651223382,0.047323146856345456,-0.12346934413186456,0.11758443907336634,-0.0949927256758266,-0.04232501485734119,0.1431735666364913
0.1971729413038923,0.49060746181264236,-0.5817519650596433,0.23301346711384116,-0.1268715464851073,-0.36912150738745725,-0.16055285663734525,0.365931124641742,0.10256741226945551,-0.07173957474792218
0.4218666884542113,0.7386995837922756,-0.44513539683021974,0.08021144772328831,0.10052949896081029,0.06424224689742107,-0.1669136918911971,0.1181895961413112,-0.09653813917737708,-0.07993875330755382
-0.21931664716013857,-0.1384939082414055,-0.5091671827748743,0.4048629366720007,-0.3347441362253291,-0.39739656638607107,-0.4372261349912716,-0.05580374476472026,0.17981934887536433,0.11384643675172766
0.7270146188264415,0.03366628819915298,0.461879729470055,-0.2571639962402015,0.30277179832107337,-0.20562202524074033,-0.06944272844908564,-0.018477600476433712,-0.22600492576517692,0.02563200630755205
0.6859194746760936,-0.17473866517389308,0.6285990991826064,-0.16442274276324614,0.030120174612222373,-0.18899086739026102,-0.1813750673504575,-0.07228011315251617,0.011864810354522467,0.04384439426287652
0.847155502969689,0.029318968735861234,0.45539973676860857,-0.09614372550523548,0.06308670456452543,0.08289986101030605,-0.20755647432008256,0.06151553137956811,-0.07202590227900668,0.043949006552552426
0.5432685873967329,0.07808995256589102,-0.5637169041191514,-0.038057342633490907,-0.32651368543044373,0.10623675404303976,-0.41217930173012085,0.1362225092296139,-0.05882386139622633,0.26406450308614954
0.7258349087571627,-0.2677756055117971,0.3545578391606316,-0.0876915682122353,-0.23342031274453734,0.08970460732240712,0.15291423264755366,-0.27977910557827934,0.31754836299078054,-0.05505275285916972
0.7784444849838018,0.33593172256161347,-0.060928060820017636,-0.05404465249565161,-0.12457748958303692,-0.02046958431472844,0.019721431827124946,-0.14597174368968807,0.46009724680624964,-0.15879638653252476
0.52711526182867,-0.3704246484203678,-0.2728181261056486,0.07444761165424306,-0.3171136295968858,0.4102908678415744,0.3095872806880238,-0.1469675604763439,0.3415365404353331,-0.04441054850042758
0.5278961326622172,-0.18019361780644663,0.15488370439244248,-0.07391518380827132,-0.526877555947869,0.16252045450684105,0.31648069086662184,-0.14139496965680312,-0.12113134151287333,0.46964379354068136
0.32030116516086415,0.6316395872477196,-0.6096005137117066,0.005460364243358229,0.17126907209244552,-0.2154919609104807,-0.03179284573109692,-0.03740243850311006,0.01005371916702887,-0.2202619089531263
0.518319881278383,-0.07691952431030347,0.4768459844623181,0.4429484147901727,0.3631472759061333,0.08190811937414061,0.12503810790739328,-0.36337988774210805,0.12433818649524463,0.010869981856805305
0.6432858724181505,-0.10322062478986915,0.5550710426433743,-0.23793992481023016,0.3568584041594505,-0.13855657414656455,-0.09466523016373604,0.03975803800868921,-0.23165262523671604,-0.007650342445228041
0.7351407640133925,-0.26139447942098426,0.5610561788920816,-0.15558270849209327,0.08959201717370657,-0.11779248319645531,-0.08279413013683137,0.009788737001866159,-0.13262038336265122,0.0762254293527797
0.7431399884116234,-0.17859748629544767,0.5684820361424328,-0.10819144577587271,-0.15541679246334603,-0.11269149754003134,-0.0828242804298204,-0.020195085353677807,-0.03528597101024066,0.1886852551422469
0.7088775723453874,0.2158153621817955,0.14904550936252656,0.08244337218041338,-0.17775054906443905,0.35073030351763185,-0.2201231330486931,0.41685066418073424,0.030290474449587615,0.21014675139693384
0.11925416671845324,-0.06531901007651707,-0.636915307790624,0.25136793958292014,-0.44584257709100883,-0.2674692335578507,0.1434005566860551,-0.36619692589517405,0.03843869727619553,-0.2936121322532671
0.7665058136370023,-0.14059785433473548,0.5326494287430428,-0.09686356888480457,-0.0744612857865284,-0.11987239213229622,-0.0028331011922668446,0.07075814772781149,0.27118096414409465,-0.033695480066251476
0.7886886873749737,0.2385669375278338,0.20132874532627043,0.022589812343334088,-0.06311932234032966,0.23392814209774654,-0.2165383303071068,0.37986845221232085,0.07047493718892274,0.1585887027527867
0.8346460662793185,0.28647987861640023,0.015173063134924829,-0.06560094809590884,-0.09259776102951103,0.30748218690104734,-0.11618046326176043,0.2830099316517415,0.13477120754053745,0.04342898235175816
0.8146430501270051,0.39476199282806307,0.18318304655040912,-0.08373524314995975,0.10543985712361015,0.08039428558334137,-0.2797068244671849,0.1430827529029548,-0.1516830226270762,-0.025591494671472283
0.7309497152468204,0.5125823180669831,-0.20416850406192852,-0.18158003926309702,0.24302731137967346,0.04115231402636555,-0.22257304104115758,0.11165693315896173,0.05872362701077701,-0.0458858535908938
0.6511190244117743,0.5531415068013231,-0.46920646818952816,0.019527479556069927,0.029017235977727044,0.17280310568701007,-0.059219113324080856,-0.01418457886237317,-0.12298890593238933,-0.0022731678810691794
0.6323874650332276,0.20827381131067432,0.07679805582442528,-0.2842323583427803,0.3949391833477472,0.3937959851314385,-0.12115459976081595,0.33204932180563496,-0.1636167445492012,0.08523071032658298
0.8839490768579447,0.010178986462891667,0.2702850499157735,0.015429650658033327,-0.16876581493739504,0.14318480547295584,0.13760319027440143,-0.14137212691265716,-0.07046662255142777,0.22884117960729103
0.3098708530743029,-0.09866285985403626,-0.7516638370314922,-0.04563752671450858,-0.2202780409021281,0.41573932003146297,0.2017438770004881,-0.20082624842735597,-0.05248344591412393,0.14837959149217844
0.2673394706764408,0.6359823375691835,-0.54329600488945,-0.018335231305470087,0.049031570317394066,-0.4072738984604809,0.1077495464173794,-0.17059818943770977,-0.12400057396372843,0.06467898802329572
0.8532047031864248,0.2742268083969964,0.1844724412407317,-0.14469835731936745,0.18374442415561387,-0.22274524157447945,-0.22574672182035752,-0.05890098145454928,-0.06314672341253026,0.00882173847300006
0.7485524733850123,-0.20457447367707154,0.11745471753365133,0.1582115266499567,-0.41843649163282737,0.29091098902498513,0.2984040688125476,0.06189977914101422,-0.07903931087822082,-0.012243234945530876
0.3329993248294463,0.6542018040520363,-0.6066915268859242,0.02722801268149183,0.1396056190988619,-0.20578940079589492,-0.08052033660902141,-0.10183224894680477,-0.07108022725990143,-0.09257828667680662
0.3329993248294463,0.6542018040520363,-0.6066915268859242,0.02722801268149183,0.1396056190988619,-0.20578940079589492,-0.08052033660902141,-0.10183224894680477,-0.07108022725990143,-0.09257828667680662
0.7008216485999179,0.28774795131135267,-0.30380032601562884,0.14085198051860662,-0.3297676678663112,0.4175373317952869,-0.04340127340257063,0.07773054856748522,-0.12591367447365245,0.08397686896318028
0.30325860954136424,0.681328168804539,-0.5821889473984136,0.057668809111567645,0.05658859174887104,-0.22636222155258615,-0.06405507834716807,0.05921069548319727,0.007271874676662204,-0.1986265751855768
0.4384844972661551,0.6657014726421213,-0.42566791752665434,-0.07467324319982553,0.21001284803250972,-0.18744242759807342,-0.16057280773762603,-0.11100218361789496,0.036264734754185866,-0.24319400357705648
0.5876124746506546,-0.19164430540430427,0.16406643078527866,-0.3418697890844543,0.4570023626418761,0.22031556237541808,-0.09251439923484706,0.20224962798070537,-0.40805609511445756,0.028767761687949173
0.6239989260920679,0.46796714711194326,-0.5905394203711977,0.10155163413607189,-0.11616548846610747,-0.025325604133044004,-0.04140487403373958,-0.023357169496200023,0.11437799073078109,0.0557179988180689
0.36692417433944496,0.6032309194129175,-0.6616533460320696,0.08353599038613768,0.04573981644885351,-0.14108799956023288,-0.0160578032189397,-0.1457268546406544,-0.07357529265375519,-0.08837561212739019
0.043209356828927264,-0.3208443317288236,-0.3233296664000497,0.19993590480700935,-0.6824914323613995,-0.0703290808173927,0.42891963518422455,-0.20900952985266877,0.0501457442761163,-0.223076353597616
0.3503751367183639,0.5407721679532618,-0.6241033952526752,0.002437538957628487,0.046631141939669586,-0.2921392710807378,0.03963152618833903,-0.1685177363018029,0.0405521620220258,-0.27596839693610964
0.8156424271387523,-0.3160877844290481,0.3497250479881313,-0.034603477230773255,-0.1673188057964418,0.04149975386374647,-0.11004936940242259,-0.15303098272069687,-0.1451213771864196,-0.15812514638875183
0.3009435240569579,0.6992492911420713,-0.5125620533134383,0.007195405540839167,0.14069952660763438,-0.2674073598581425,-0.04943547325834124,-0.09501010394299961,0.08932110858011569,-0.2167018518801211
-0.14055820114988712,-0.04413757253763002,-0.3405832328179766,0.3074031004553264,-0.3311216818350587,-0.43303600615196963,-0.527458172298945,-0.3753031864068565,0.22320249809784584,-0.04190406805040816
0.2998176447475488,-0.12074953709633607,-0.6177447693690926,0.28055779298206107,-0.6151543379376609,0.05536198999438265,-0.10515306012228123,0.06151734425058525,0.19509169964092535,0.028731925066805303
0.317221856593477,0.5438055078983102,-0.5867780397114032,-0.0576560473618823,0.19651563298989944,-0.23350503050834545,0.044798584110398394,-0.24824343271136576,0.01065632566115943,-0.3148410869193471
0.4557226114443549,0.5264493748080009,-0.6373294109620354,0.001607859398149461,0.03682132246753716,-0.13781179674398536,0.10935599862885856,-0.1768792298621761,-0.1823098581682124,-0.11021257643941648
0.2570650724225333,0.6235800477129297,-0.5303265411412844,-0.038189295214789115,0.16764939149879554,-0.257751882346109,-0.1071492556570766,-0.20192080429202097,0.1066447848762239,-0.32278843608295515
0.737306506020128,0.09579490098419736,0.41044690177648274,-0.31105596014330805,0.2779603619937007,0.22179198946238618,-0.1704442935554312,0.11821569801647043,-0.08609960589823547,0.07132309288662692
0.26228233128797485,0.6495608762227889,-0.5379463144292121,-0.005660455610913677,0.15627940278033206,-0.2398161007851167,-0.10933406075613078,-0.14210414709098163,0.02991402576571474,-0.3238564195451202
0.823970022904894,0.01705072318348226,0.5305715467156674,-0.06083570381203804,-0.026947421977325754,-0.07559463612358044,-0.13266780559095964,-0.07522124388713447,-0.056886539191116116,-0.05137851764303584
0.47654230551841387,0.5729634250592445,-0.5852111381331476,0.03164847424529951,0.0680722145214047,0.22613987844539082,-0.18873397594862787,0.02603724362198878,-0.08932665783541012,-0.03310389603095555
0.715744263698313,-0.06828062130550966,0.13944304869773022,0.14236035182950504,-0.2978499930590949,0.3275136019146082,0.3992371865896783,-0.17420669160424906,0.15831072112817174,-0.18043477311679865
0.4707143904910049,0.6125524393717521,-0.5648340688736825,-0.021228444622908463,0.16294526222298653,-0.049967960353334125,-0.14630784257204918,-0.04334633003611213,0.04288143696874806,-0.1718942613291901
0.4000121939487877,-0.47380736080747415,0.32543339694654594,0.15600060981492264,-0.1945922719652641,-0.10497041426699252,-0.09710180583718973,0.08282414186384461,-0.13797636740074207,-0.6332793428754172
0.7901738778750738,0.15054256038701544,-0.18756740435145916,-0.2014622490429843,0.25142651482899814,0.1628528147019457,-0.07715574843086638,0.14191626787364756,-0.4009105577786105,0.025194596931034013
0.822737691893306,0.30235858752898365,0.3174886251316018,-0.018729251144778646,0.22001095457186226,0.00750196705748779,-0.24821660534405007,-0.013776272237815286,0.06655484826535786,-0.1258580415979917
0.7508059471485728,0.30433834400978027,0.0599615338765553,-0.19466757711389412,0.3210374097594015,0.2648079744509578,-0.21739172292338882,0.18670880566510334,-0.2016890083429723,0.0786871893944026
0.8158265906388735,0.13591453400880452,0.4139096826929728,-0.08925093109183035,0.15114490939883632,0.2572200084694843,-0.05067698261697755,0.20600855251747005,-0.05065505489728196,0.009312790429827604
0.7913155211216991,0.014229565369809865,0.5620494073370919,-0.12266144460769803,0.06568372945924414,-0.008893235110756327,-0.10838483748552333,0.15095683832370405,-0.04914171532496499,-0.03644597447062955
0.7620498470016709,0.3535614796381315,-0.08387550269488327,0.11595303283666353,-0.2331714746629835,0.34678209148395667,0.1169250089000422,0.1445570965188214,-0.25388862043724736,-0.011819729532966167
0.6147677001209375,-0.2509765076401241,0.3011386870733496,0.003862390786609143,-0.4483702845741255,0.23735183861652234,0.27363924733611833,-0.11143367053478537,0.3379194504028204,-0.0975437216335736
0.6265525853119819,-0.20763743783904648,0.42825819578675484,0.02528446706202092,-0.46799103015461613,-0.2877190763770255,0.11013965829704439,-0.11502013358833874,0.2304104196179411,0.0051920677922109824
0.3976394260246272,-0.12091076159636108,-0.21186125451596327,0.1689366498534107,-0.665426709038828,-0.19357279751046774,0.2780649108206117,-0.38481431952684386,0.2175386892960203,-0.029160285505025228
0.5420131798796621,0.6780647900368868,-0.3968068969152948,0.06555056330062282,0.07491207253515154,0.2194739824276614,-0.09572033019694487,0.08309906605146362,-0.09361076951449404,0.078011559563264
0.7389446644804604,-0.047684816184409576,0.535046800735668,-0.10300637519024146,-0.22764313308190282,-0.1607162766763402,0.13408592641668088,0.10526648301714969,0.13823190170135866,0.1702418998019231
0.35379184728991986,0.6002778373474761,-0.6690261504061703,0.1047399481654564,-0.0561187057385089,-0.08838601200843756,0.17004031217359183,-0.07780721726460166,-0.08052449273188234,-0.059313903149426334
0.7212394905110668,-0.1987196442907708,0.40410664438783983,0.13073918103013868,-0.38585072301525086,-0.07308004609604508,-0.0053779749229424115,0.14103002183003183,0.26867144808363036,-0.11664037264025263
0.2644606429170946,-0.14346940982420653,-0.3028507282226632,0.16700613786039498,-0.682146454824509,0.08096116742596564,0.4183587779235381,-0.23554144809089125,-0.05215854102189349,0.2911436628675685
0.45609454855737414,0.7390928789048038,-0.41293982947042307,0.2519916879920571,-0.04409520621550263,0.02495663960370248,-0.08850283971351043,0.0180123967613893,-0.022499183484538804,-0.021673304890879812
0.4363407186479069,0.03388582752205953,-0.11778860136020938,0.18496923320645955,-0.6172928887391801,0.34997136437118787,0.4743913699538634,0.031188745423817048,0.10551227390984022,0.14031229475124604
0.5072999095627737,-0.007713825880475338,0.009553208802883113,0.13661298310981737,-0.3785361063198893,0.46897103995652994,0.45000252236581784,-0.11234685727985165,0.3490326127777407,-0.15382345832429695
0.5103311031084872,0.7126896397454097,-0.41649878249171624,0.10473847620966034,-0.05103810086233463,0.13333636571431245,-0.1056897429041975,0.08352480207746801,-0.09161281313284173,-0.016467008682397897
0.4465533068478859,0.08039029237120263,-0.4515354274015562,0.31063924165285134,-0.5629090517117663,0.21611242315057544,0.29043679525267707,-0.08556086374982866,0.17756859996838514,-0.08349001920156636
0.7439460213096609,0.00816239296753671,0.42525528418161507,0.018312233585499004,-0.289686632851897,0.17488913294918462,-0.016131685212548506,0.3168127330534402,0.19430784230781567,0.11139868645365347
0.2110398116544586,0.39245928615245856,-0.44154981815737115,-0.058444136917057146,-0.27623535108976216,-0.37742516459983466,0.31134804360729096,-0.1911437223011907,-0.15451194295665893,0.4763955878683024
0.7097592991307338,0.01451975815907162,0.17900139044306648,-0.07842752865112583,-0.253927066970385,0.37098238204727557,-0.1323310972745891,0.37622390853597326,0.2704410145824569,0.15341891907960484
0.6717670307202528,0.28235050574768955,-0.12372938877271461,0.056329966275244316,-0.12094600190275731,0.45035657910964483,-0.15404689393016555,0.40025100964030164,0.11345519370479214,0.1904543006730781
0.6229332063385215,0.37618122284661487,-0.35756849042360567,0.01067487600884488,-0.18036869322735016,0.4132098677853947,-0.1258337255740018,0.20299752982973907,0.11443073389746616,0.26279450697441753
0.5543594332490331,0.5893976325168357,-0.4158027470765605,0.11743577776617245,-0.044931270530807546,0.3293186734031487,-0.08624015989181454,0.082815654282231,-0.16408997717168147,0.08319878046771297
0.41875622774779053,-0.23708354736974302,-0.009299548037219706,0.30221329879256914,-0.596828040790002,0.2886324377610495,0.42212777577777943,-0.1352223702051983,0.18017276286299022,0.0925401878236006
0.6107442138044106,-0.18292513781067818,0.16355014320470476,-0.051593794680623646,-0.508524531515702,0.13765288040397478,-0.02529387727741332,-0.23151575675765768,0.48152457995067066,-0.021646447313826162
0.531320148208313,-0.13166164157853325,0.28796924288771136,-0.0225189653634759,-0.1593649546745134,-0.0799926182087908,0.25384528511001486,0.3497722586202131,0.6197575634556329,-0.11940358752876427
0.7427712717335342,0.0031876703788825326,0.26336143802415196,0.03725093624860012,-0.30777271271852397,0.08988194716482592,0.0788553679740864,0.19502844942563394,0.4800245450975552,-0.007291172421982876
0.3981481638753903,0.5493866699085389,-0.56443341479711,0.1341955526650844,-0.16519842362347098,-0.13586199746813596,-0.048816179307745684,0.0014248516879952666,0.3705347234709514,-0.13277337100828254
0.5177210608593101,0.5997956398061248,-0.4498363572465846,0.10200569932287243,-0.15530916497880562,0.32272225358454426,-0.039715148510709036,0.09253267681267083,-0.1271538388600583,0.06981335757396649
0.18946331257044668,0.34491102220348335,-0.7323108719032441,0.06232128348407506,-0.23995009462543157,-0.08466446136262785,0.09531820206175863,-0.41242457015723094,0.24354850365103436,-0.041681005226494504
0.5137395826917689,0.195197107597402,-0.47462176035738346,-0.1134845110935572,-0.36868088711879626,0.2517938118509415,0.31150358194731864,-0.1737982910679294,-0.004791162059926131,0.3650153116065866
0.05781842783302268,-0.2817608021205381,-0.14727398225475577,0.12479469154612335,-0.5905554028620719,-0.05639599371586082,0.5972392767183595,0.04591233439415145,0.20439101633728746,-0.3570573669360152
0.08230197836371116,0.5885271157857601,-0.441834093079321,0.21781479087409933,-0.11305693809302375,-0.3411730901162902,-0.1630642328126159,0.08496082069448968,0.4823462208983178,0.09249031760327675
0.4526124031385083,-0.016344682556549847,0.024950475334241155,0.04075172416602653,-0.48599443816682086,0.015009037249480375,0.5286997962616453,0.22409090567144244,0.32898569764999824,-0.34380804481156735
0.23102309934171317,0.2785516074736502,-0.50409134595589,0.07511122780295178,-0.36732155444100073,-0.2627818131572173,0.496181474792806,-0.07575506642301005,0.23877942624168827,-0.3104152732049932
0.725986550320846,0.3171549704046728,-0.013901668294878256,0.2416527407291961,-0.17193029634220125,0.4353338806371837,-0.061515646859776674,0.2398292557232613,-0.12949873618708596,0.128915345103623
0.6602939488051046,-0.23135954722200014,0.2479376586605573,0.020061272351630677,-0.5476651792077447,-0.012646658082019478,0.22226055959507723,-0.0240947360917308,0.06795228212568433,0.30645425770890716
0.801107149475848,-0.027665041243832598,0.3139763113954421,0.06978777070998869,-0.3229704311596368,-0.12345312360061496,0.10991046644689917,0.2475727273148623,0.23332406499494662,0.08153076175806306
0.6819273773038672,0.3722877916194843,-0.2855414284052039,0.17194909188920493,-0.39723207751820727,0.26927122775815204,0.011055143125660787,0.17769694317286105,0.04815826784562004,0.14477050350516246
0.7072488079889236,-0.16909283365548858,0.3995011810746773,0.01115087730386041,-0.4662948366602767,0.1289632082831051,-0.036240563386082655,0.11894965698116533,0.18458707950674497,0.16698511437216004
0.5644377569601648,0.4122980143015849,-0.41369098317931224,0.2373144578355386,-0.30608970450764117,0.3475375803681671,0.10643203562846157,0.03462691358601551,0.009683059954777487,0.23847042685157357
0.19284244605381076,-0.054608503007634264,0.26719130660130613,0.7981790242794587,0.23323550292394027,0.22991840294006002,0.1304194324827065,-0.30593652964249934,0.14989883837123952,0.1049353665723862
0.5736799231925949,0.035716115659111876,0.023420858499010905,0.22263233768010415,-0.43710159166208606,0.46098542990829244,0.3505119977502375,0.05038555894958609,0.27703108616716293,-0.11744383582155216
0.7043053177918129,-0.03594920865790905,0.1382675880244088,-0.03420846917093715,-0.2575974616152947,0.33019046782081257,0.28075605205337606,0.11120795020545902,0.45903068919109224,-0.07135116413079554
0.5028359115319003,0.18638273324214213,-0.41305164056896587,0.11766451133568755,-0.3409076109250029,-0.05236566453714539,0.33150201752002,-0.12316526619974863,0.5313248759602124,-0.0403902411164765
0.5797510426076858,0.09041424892582153,-0.15988965349297096,0.25373866959986446,-0.6058158319999418,0.24059924213703077,0.19513221087622454,0.03640592392916759,0.22996717144841855,0.22040483175467737
0.465031567049416,-0.02501289858369222,0.006109931765353555,0.1597224663897982,-0.5740434967060171,0.5251140447375918,0.21244507579635058,-0.009056573441455199,0.32661287924974636,0.020243475013380283
0.05848856619592042,-0.2359753395275772,-0.2103789808771245,-0.12851097404512046,0.13630065194124844,0.5948686882968657,0.315715870393931,0.4262621158148343,-0.4654196041613904,-0.09839922023746893
0.3241748714418924,-0.04831559270465053,0.006157537914361682,-0.010021927607164494,-0.005487473491073033,0.6347764077391929,0.3366818766823584,0.4273606913181807,-0.43507676271495943,-0.06467662412861742
0.2995095768664916,-0.28176611955436315,-0.10358374569276683,-0.003793965010312026,-0.5619528126298784,0.3979327425329805,0.379480286758447,-0.10666041668892152,-0.09862030499774369,0.4253336953586703
0.5427871369698394,-0.4120602992342579,0.10756139024194111,0.04150644127633002,-0.5471811718630518,0.05033431552144367,0.34759310264655763,-0.09604619612959227,0.2783193733709873,-0.11334861200903901
0.7918114662767646,-0.011710831523042265,0.3879425407822344,0.05643747128258687,-0.16953785500872903,0.344323015708978,-0.1745549344578883,0.05394069566565914,0.17557302673539407,0.08778678856709837
0.7109922415591297,0.19100791073903112,0.11723668569975133,-0.020637515936012235,-0.3669447953698771,-0.14323244611540517,0.3311113181835346,0.1496392023210035,0.289234218662714,0.27016405631538915
0.4428663798023776,-0.07191952747125847,0.03763689070675355,0.07119181287174565,-0.5187109459479067,0.5996807565988779,0.2252890847799513,0.2510524647293268,0.218204038874041,0.04624469501718694
0.5973121027546311,-0.1753105847782309,0.2599324323857114,-0.00949952037802098,-0.3221318659838172,0.4908935517688036,0.1323566522073236,0.36622856336572784,-0.008288842919350572,0.2199399311138992
0.3832834868377181,0.1915513070977236,-0.4561438152722894,0.30552633896002634,-0.5653372175345082,-0.036957921152748874,0.38906038224485545,0.08919325523549829,0.14379517267755304,-0.11838840523556063
0.5387856845795961,0.03927617390903464,0.03156152658422972,0.055115698867383524,-0.1992847850806611,0.5886871942313836,-0.06602188315983212,0.5380559513865871,0.04378197974250665,0.14861528248421446
0.5570970430000606,-0.10498806757675455,0.12734946189749555,0.1623142344020999,-0.5244007498781681,0.43005678240245543,0.24785199801340238,0.3076833476603465,0.14060749551963364,0.015539900444052986
0.49924609672061504,-0.04141837675857608,0.1786999391337637,0.01416998012263731,-0.19287145021069557,0.6008792675211125,0.3194255514253311,0.439101887611437,-0.14114822716172115,0.06230676778281628
0.3248983481346667,-0.046584552467931674,0.0032704275943415276,-0.012730236994790835,-8.250990267520992e-05,0.6337081410659433,0.3338852374382908,0.4280573675952175,-0.4377241735155049,-0.06478626048317493
-0.23461914322343538,-0.6836214468486927,-0.18092560581350017,0.1240113177417665,-0.1627773896664199,-0.10032579376045309,-0.061011179694469446,0.32104035559178024,0.40286414655328545,-0.3519263491839968
-0.1207766056116428,-0.8588055821978806,-0.3514003712199055,0.023716908525010676,-0.07364140224732159,-0.09166772291866856,-0.28883703549427886,-0.10982163064236829,0.11309651416333427,-0.04143426339640812
-0.11369412130525072,-0.7032859955615083,-0.3653747561336398,-0.1826334421069035,-0.1370364997045403,-0.10536580063565644,-0.13752237837192466,-0.3751861789217871,0.31089478009996246,0.19848218241666302
-0.1001663622269559,-0.4721078168944734,-0.29564493332768926,-0.2085710253988239,0.1523426004478041,-0.10549398085359328,-0.2018135211313131,-0.18398778938067797,0.6999379681115158,0.19324207306608823
-0.44642350093764627,-0.5957322961396248,-0.20509075469277321,-0.173342074324193,0.17498663954157498,0.08081598351721278,-0.34344125070785236,-0.04342258512797547,0.46415734396445174,-0.035614547621840395
0.019945528992162564,-0.5111481137887531,-0.21743347583629838,-0.08857484411767708,0.30185385486127464,0.2651599971187974,-0.29085454024872276,0.5177293901975882,0.34939057518501293,0.21695052285318198
0.003926007003704394,-0.8021801315802849,-0.3077863906612904,-0.03160724019908652,0.059725545696922316,0.3033122091585451,-0.2656802121894846,0.1385288112436353,-0.18451487796491897,-0.20340294771726175
-0.21431853018348607,-0.45678413093657977,-0.5588903458369557,-0.2995697747381573,0.5363967798182534,-0.08185380359281566,0.11036335233380633,-0.11557788316026303,0.10134244002660563,-0.11439055647809707
-0.1131307973165156,-0.709187100297042,-0.3374058232553438,0.04299839023985158,-0.31963595155963664,-0.09303889288078811,0.17523407789093093,-0.21849311402724092,-0.406272513403658,-0.11931711169869774
-0.22037419826910792,-0.7664652841830516,-0.4189334506881738,-0.07858583668710954,-0.12793851380288485,-0.04472276345189558,0.08473873742813014,-0.3126767678411904,-0.19879574704486142,0.13946203192844794
-0.24220488033532162,-0.6542083445577106,-0.42906038773340655,-0.004100988039512906,0.15914130734634752,-0.17764726937330072,-0.38780003118181267,0.05534669261106365,0.29080929019550295,0.18528877887412737
-0.026841215807015824,-0.5593977015486786,-0.30513841382180334,-0.17209955848155925,0.5725800328997959,0.0680468944293131,-0.2955771469371022,0.16318829936182008,0.32585048219471846,0.1047519427657857
-0.3333418585400454,-0.5629925990002134,-0.23193636164056147,-0.14710549515901783,0.4182639038232843,-0.19721657241389084,-0.4338146781085319,0.18201991298168213,-0.1809283313987166,0.16907833041476036
-0.2611183050810746,-0.39668083039351504,-0.3550783955928977,-0.19924839282494367,0.6058266442198331,-0.12242431073757346,-0.12686741752822156,0.3584222469502918,0.2579401469969763,-0.12478925278851895
-0.27756153724246835,-0.720444359339952,-0.32399917406128675,0.06836145232986718,-0.2729418827045403,-0.06413198911079773,0.18377284433758667,-0.14719572052981472,-0.3901535972211628,-0.08945229978799474
-0.1659091054766943,-0.5991821865968316,-0.3471345629582843,-0.02515418962313556,0.032999372217588516,-0.0630585756067587,0.2953758108772631,0.18196663276171066,-0.23193930250023284,-0.5595532416763291
-0.23485907390650168,-0.7085487247005775,-0.36850937350803,-0.08957519437148308,0.18576312344125956,0.08112250866300945,0.2372636898205786,0.09432626278580239,-0.20275147146400907,-0.3893437881067715
-0.16517743729352366,-0.46708162992417307,-0.696927456537343,-0.17794543123190676,0.17404166198912172,-0.03265768432698651,-0.023460763556099214,-0.1466094804527714,-0.11596701692660515,0.41270884212837444
-0.17357516271705148,-0.732689505865423,-0.4221307207899798,0.0013992566112981397,-0.1826728362221591,-0.06903996665146023,0.2674280742595628,-0.15286044235197366,-0.3121265788121807,-0.15620011043786394
-0.0788724130254216,-0.7159044428258561,-0.4953337995206754,-0.2240316015740813,0.24476581696295358,-0.10210653935527213,0.05223586205955143,-0.004169820316830861,0.3333266745646743,0.03905822011735494
0.03768902456783534,-0.5302024574236356,-0.3737315148177402,-0.08823887305532095,0.07664069966190692,0.38732881994480584,-0.21397759819763243,0.4432266463635035,0.07408470229801505,0.4078986643602472
-0.2778961070869925,-0.27286553977497374,-0.5645831605507025,-0.12896570671704694,0.4082473327727841,-0.13221825200045706,-0.13364379587736025,0.04322937119498559,0.11005436021246588,0.5449246703833586
-0.24131118268184287,-0.7380450332635077,-0.37174823578693705,-0.03959088346536721,-0.03960443150157053,0.18357764650285055,-0.07984924729492367,-0.07760260604938225,-0.3112596765561873,-0.33577423490243813
-0.20715147374926068,-0.6987783642349028,-0.5034615165217934,-0.15556114291300674,0.1010593733586413,-0.020395870652283377,0.10869217418666448,-0.24595119938956914,-0.32858356298473484,0.014905342674267928
-0.12664743799024064,-0.6563177464548747,-0.40549586165186696,-0.039018214973218286,-0.0699652139881064,-0.013547836839986735,0.238956888949707,-0.08226848649185019,-0.45272005483789257,-0.3366830935351007
-0.2549268865499636,-0.3597684401769625,-0.3050812554128186,0.21882462628183444,0.18882196440167498,0.2228322473483491,-0.3463336548535538,-0.04572245890163332,-0.15448391780068602,0.6583383576891347
-0.1253220809836326,-0.6352774315210975,-0.39368494777556323,-0.1198301269448646,0.2656479148738093,0.10896768919734709,-0.4867484563580811,0.013984864663684343,0.08282956489986586,0.29145620356284946
-0.0779852192688227,-0.31878106510573506,-0.6295088917539031,-0.04706647028804267,0.20135859270730086,-0.25745093328052665,-0.11934679869872358,-0.08560155017695315,0.11815153942807202,0.5928262011394325
-0.1834816308037933,-0.6671307628975054,-0.2968560234491158,0.02153627587949443,0.11626132277868367,-0.1387276097490404,-0.4776778478388577,0.12638751592112712,0.2039275037223898,0.33791319057494684
-0.27006366229982887,-0.5778532738062379,-0.3736499805186749,0.0036815649844774293,0.37629684729211105,-0.221592424618513,-0.3077973998020328,0.07366743076090924,0.3945377945379026,0.08363390141171476
-0.11572461886911739,-0.7755622287389674,-0.39771188906802407,-0.06856173086751871,0.16427821210144128,-0.14174150017539977,-0.24634132802136924,0.09046929206824736,0.21973651654607348,0.24084169292245292
-0.21621782702990933,-0.6893930552667045,-0.3079171929898946,0.02804068401466388,-0.306616965129547,-0.022437398755159606,0.04046990726494225,-0.21455992477865096,-0.3825436437084548,-0.30636085699836035
0.13637847162834824,-0.5176901245723632,-0.18654506099491175,-0.00840140726260298,0.24634158258066224,0.47156121157734154,-0.2846476308538519,0.5482899495480105,0.02146390959306318,0.11561665302738278
0.009383182926547384,-0.4989872799021971,-0.10017450499548956,-0.14409569888292217,0.2881027558549004,-0.15402997373430066,-0.05763118350252714,0.2651060762079516,0.7326744483579695,0.05461030594689511
-0.22248234240464607,-0.5520690830725205,-0.3102773188885881,-0.023569264427850935,-0.4604579118759293,-0.02853427496340637,0.019053128543385343,-0.5033516120992069,-0.03943306580045071,-0.2842134457513149
-0.004228492081684105,-0.8113305087367547,-0.5014782239700272,0.06751207599580479,-0.1250637143764999,0.007347589927848586,0.0545274341617391,-0.21990017323719765,0.013867796448028527,0.13590464727354604
-0.18415499739642188,-0.6317112296401685,-0.5130756677864229,-0.0787316565553242,-0.11528424767141321,0.02608660331553632,0.2220691263842659,-0.1491451723787276,-0.3615216047387233,0.2852274986716428
-0.3932630353750154,-0.7830609470099038,-0.4373780708081966,-0.07277029776438139,-0.01292381745759746,-0.05432993517930513,-0.05127930389166825,0.030939873063666017,0.01172148747995012,0.16947460659092287
-0.3751803747183374,-0.4775081840353794,-0.36984863449656774,-0.06139323192259106,0.28013858799875463,-0.11023302044695436,-0.2693200035344412,0.21773474156208938,0.39982986040535584,0.34674764988259577
-0.3646008729205622,-0.762888693465116,-0.2369813416637757,-0.004073725032344825,0.08713226202374476,-0.11079159934238188,-0.16736148644145082,0.13015622036734495,-0.37449075472273147,-0.15436855097145505
-0.055419765147739025,-0.5493773149935391,-0.5181339866922896,-0.09005621937310761,-0.01387051104159315,-0.33719783203544934,0.1643979700396709,-0.38989923237611857,-0.04916831364405127,0.3509698969353688
-0.09320946980994807,-0.3384965797452843,-0.4249981024177503,-0.17133872458265376,-0.026226362820014136,-0.17827260967212558,0.07202159765831492,-0.21369349729545123,-0.011907951036977915,0.7637335586175326
-0.1860413243860815,-0.48549336393096043,-0.26587295889850765,-0.06779914108721125,0.29268779330994277,-0.23306443869679952,-0.15807454705359614,0.13297203825863813,0.6811977290957061,0.08783516918843032
-0.09899277924450922,-0.5985927589290575,-0.10569533240026542,-0.1095873807473773,0.406150783324026,-0.14901506916132806,-0.6169307130435039,0.19378974968678997,-0.0525573236545512,0.02494088256727729
-0.1939814306184717,-0.7730638450256015,-0.4149437120359748,0.034286634957974266,0.015624554171174952,0.15833218644063748,-0.17307654379630993,-0.09724393008276815,-0.3026939336769032,-0.18719225732698405
-0.1509006632229258,-0.740846236622652,-0.4322032190253695,-0.004119707133054037,-0.17962520294475334,-0.01678425428095199,0.11251038983879039,-0.19541059464933055,-0.3967557898545743,-0.02744593171056144
-0.4876854142728692,-0.47550019294680906,-0.2624021113936184,0.0895692807087838,0.03702122483237207,-0.3494338844226783,-0.2550459625152919,0.18375271738673007,0.050322107994295436,0.484112125169748
-0.45912030536838233,-0.4704012989568186,0.02476158446094708,-0.1054777508993819,0.009236999008665129,-0.41405843861819264,-0.3341854647417194,-0.0003691717153097172,-0.11515497181119942,0.5096293061937454
-0.22681673951761638,-0.7413259814597738,-0.3743067868864593,0.0204679112689184,-0.1746394269344525,-0.0343912170603857,0.05950325585809028,-0.11981689077979973,-0.43409610324018816,-0.14299514996414
-0.19509641722774643,-0.5936431433289551,-0.3760199050234075,0.007613027660829057,0.006857654547844854,0.013485854729877985,-0.4531921995085467,0.22610053940993616,-0.0870847793257938,0.4513967225054521
-0.17226430344795282,-0.8449397033232584,-0.4016232648826932,-0.014299626292470233,0.08547468233606134,0.05473883142806991,-0.12877237225480861,-0.019730170442711758,-0.19167989085391457,-0.17573029412226593
-0.14275106095877538,-0.7999205379608568,-0.4722004503655767,0.09813341718308982,-0.2036623705352513,-0.1645452085140051,0.0428173202428716,-0.1024694766365517,-0.11819629160671541,0.11085426436808518
-0.12746958197387326,-0.27896043819749666,-0.4701834882863993,-0.20993830458906415,0.2535940750157976,-0.22684110405477426,0.009045613091213467,-0.09035829380928563,-0.07421740515744799,0.7150275982258563
-0.05884562157430095,-0.5795254381992444,-0.5243923830278853,0.032971689486134756,0.16480828866480346,0.15230766707221297,-0.33350044174820653,0.11364521052909497,-0.3686214875507375,0.2724591318860547
-0.13871317060334448,-0.2744274262772642,0.013042307356025625,0.6904465818121672,0.45370263125177746,0.20158203229924357,-0.07631292952676175,-0.13531924590252423,0.38012098369985436,0.11598854584190846
-0.26322433983958027,-0.49246501652335234,-0.013541510769679622,0.2722978171415371,-0.005043624979051385,-0.12220072574966175,-0.5510582962410154,0.27822229489157024,0.19524532854819254,-0.42392168569837574
-0.2265069323215837,-0.6158436636446408,-0.1800204991097806,-0.15450140977100757,0.27160893540298736,-0.3004240881654534,-0.14628002066682042,-0.07824175637902674,0.09933403638392975,0.5583370054235847
-0.16858742482216812,-0.8357096027074286,-0.30585315481174813,0.12156934185793443,-0.015461741850387064,0.14074565199645095,-0.045554828103983536,-0.09071124764855044,-0.14674197804787495,-0.33609090733677155
-0.1416260475556572,-0.7174967056326799,-0.408590495719675,-0.05083385517621424,-0.14630206276542354,-0.12450431871604609,0.23931879883780224,-0.2690205521934978,-0.3512794657403166,0.07524519291395428
-0.42223136725426264,-0.6124949115811803,-0.3089693565536188,-0.0166874453918246,0.1573814653359902,-0.2283837390616032,-0.2554573140557666,0.1633410182559814,-0.20848618771339164,0.3721516434937281
-0.0978223668731409,-0.7119210421657358,-0.43730549250339007,0.006094354048757801,-0.23412559472745365,-0.10470564737439488,0.203786741560299,-0.23879919380594927,-0.34676280910231777,-0.08803053937608316
-0.12511974241118304,-0.7043382437794258,-0.5931911440306211,-0.027625355327582434,0.08495766528922724,0.027063637445381646,-0.12977455213527433,-0.015942766504799342,0.290783645404942,0.16128488711421415
-0.16686673927466636,-0.7685670389065309,-0.29136529074765777,0.16009369811579288,-0.13579114979894708,0.010342521995963076,0.0038526860880496922,-0.09792792125700144,-0.19384011954921945,-0.4530028213795215
-0.13258027189495494,-0.7069682004618254,-0.19240930150801408,0.08155785574076573,-0.2089803598500173,0.09848665366199032,-0.262272405106654,0.04205841615978459,-0.20914088425945748,-0.5208429377734602
-0.042437246701729936,-0.8029298691917275,-0.24941541292626143,0.021849358900381505,-0.034133556826426645,0.2772243074699108,0.06501383497252056,0.11210636781986277,-0.12725873993868475,-0.42403941193528705
-0.08478027587643412,-0.7632231694521646,-0.277712152848971,0.09648363961030759,0.06887995626317146,0.30795296496205254,-0.18027737259940302,-0.014057859593861029,0.026279565126156854,-0.43692324136693184
-0.2593857009440221,-0.6874552167161387,-0.244625182470182,0.09631269159980571,-0.180644066576547,0.010930601316282477,-0.234460892055105,-0.11995402475764796,0.009121879236126175,-0.53741131847003
-0.5441002637660778,-0.38845483854275303,-0.36865531580690547,0.07865140792604029,0.04258122934963696,-0.33460429500632166,-0.32423297711399607,-0.03610710646101918,0.20669805257277418,0.384755674017677
-0.31118279976369023,-0.7250270658727542,-0.1680922776477328,0.06097141121782942,-0.3281485256913284,0.005597076586376807,0.08118407980325965,-0.09357363987223866,-0.2031078243010146,-0.42569477413757406
-0.2200702148977571,-0.5771862843470524,-0.4644974924202407,-0.13609002041422005,-0.010657728575839527,-0.04997332010517232,0.25970859087452647,-0.5576991721598433,-0.052309866879010875,-0.01795880508350729
-0.3524508002054514,-0.44514877527641467,-0.3457291202759951,-0.07626044777239722,0.231237762456065,-0.27555599917869106,-0.21341576582652688,0.12813157604660977,0.48924750438141584,0.34863677216721706
-0.24907322667789478,-0.4423979074195259,-0.37989988593361873,-0.09108382144501546,0.2924304365581209,-0.4071263214113735,-0.39875875965261715,0.03983325545477021,0.3343111164169762,0.25690440321327496
-0.21640172778947092,-0.5648645832468869,-0.35440791374944325,0.023706986434779663,0.22952466501183108,-0.271310872284894,-0.5222052568998999,0.289872140213887,-0.008938680522419652,0.15759459059455663
-0.19971592316298054,-0.8732867529157329,-0.33630450570766235,-0.09132314168745401,-0.10725856785754835,0.07507903572439344,0.09492049713874905,-0.1842621319724501,-0.03868831175277815,-0.12017769736342582
-0.24822079852199805,-0.6351561128797791,-0.5865663365130391,-0.037851283355489755,-0.06367557503899521,-0.2854123391304775,0.12574235369266945,-0.19270077779673575,-0.07406979626406311,0.21336474519434762
-0.14542197873609966,-0.7220542272745618,-0.3634983886603598,-0.014131319143340143,-0.3014348162754799,-0.066445223543199,0.09058630845324986,-0.33607813149578325,-0.32973742639515224,-0.0005403023997302215
-0.0886392282046025,-0.3795057182829995,-0.37278833873363953,-0.03783155496992751,0.19987161415342145,0.1848154803694111,-0.09497454571666743,-0.11714257693080864,-0.24899845180044577,0.740856210323569
-0.22281445037059336,-0.7594495127319674,-0.3438598726158169,-0.03586438393986475,-0.10861674011980245,-0.060775863268477566,0.32737191893717943,-0.09888241770274457,-0.20147525562039412,-0.28465875364994525
-0.22408103598529083,-0.73447802934013,-0.2437254073983589,-0.06176409335681442,0.15904424136623282,-0.11882289393559542,0.31921045603997156,0.1333438024369242,-0.11704892500195423,-0.4175195201616631
-0.09961123200119536,-0.7009559392739111,-0.4357219198705378,0.032112850806784575,-0.18436510045528495,0.15485607835936194,0.1259039301812808,-0.13638590542707263,-0.4423736569144908,-0.14048232834183777
-0.2954704501929194,-0.3062886020441945,-0.3558292811225324,-0.10112964593358091,0.019427338182633914,-0.36947661043902913,0.12628525228861393,-0.17410358253543248,-0.07565666560343966,0.7022595546889332
-0.20968380830137853,-0.6376124172202752,-0.5751936448284313,-0.14650898524546405,0.03689208455079188,-0.07835888117827189,0.1683200253729873,-0.2773840664388106,-0.19650031217798292,0.21397062889641114
-0.28950494815608696,-0.3951338672217111,-0.6641578277987542,-0.13656271075822365,0.21645213014370435,-0.2771954136960185,-0.27399184342123645,-0.12209216351122189,0.22997800804711427,0.18369644775055344
-0.1360365810185905,-0.33977167360504923,-0.09000981295139109,0.6638394303740411,0.4227989977119997,0.3831293808066223,-0.09534438000229929,-0.18442228611985448,0.1207708248756623,-0.18447185485363102
-0.05865949792194906,-0.5712461913561683,-0.26304623429359686,-0.023974753996574998,0.33395553201164124,0.25159956074856976,-0.44205714079248926,0.46483679221411267,0.08025860073061956,-0.08781175044692617
-0.11450098600663647,-0.7192402650865514,-0.2779649287263611,0.12340135422619171,-0.2201936413049586,0.09716364562489344,0.29272625581249023,-0.01125343293065688,-0.4785735869841041,-0.0657006620911361
-0.18503829808941327,-0.32692053133119153,-0.46921457226075103,-0.2064001173923571,0.42720743031398606,0.03216826480919909,0.2875854500416359,0.21196824159130004,-0.2826578844811689,-0.452822348386478
-0.25221901673567393,-0.7354424236444048,-0.40090772165963434,-0.12088639435964538,-0.02814038410036821,-0.02327059838578654,0.3776022031220265,-0.14959245850519567,-0.18584188831001539,0.13905952183119694
-0.174430069626341,-0.7252235808871355,-0.5429928360458527,-0.11314674908320112,0.20142258697887996,-0.002570911032621277,0.028109319248179828,-0.014777523500963787,-0.25312236702012175,-0.17413900156508824
-0.16848786334972826,-0.5373812065022759,-0.5922653336747622,-0.24706782315144515,0.42390438706410927,-0.06103686275766899,-0.11997769047727186,-0.06503711800602124,-0.0994743397226288,0.2430483468587915
-0.1433360107437405,-0.8200379223595278,-0.4497309911612199,0.010026756152558065,-0.030598385811913112,0.02664593402189494,-0.08636622337388104,-0.030071550236951173,-0.26869311517771477,-0.1497611893479891
-0.10723694201467593,-0.5244085935969155,-0.49734426977982255,-0.16007988408815343,0.014617139116856302,-0.32583604145535083,0.27443719226680346,-0.32350896158200426,-0.12258057742568938,0.37300987641632416
-0.04310678137918076,-0.3862428283796593,-0.4830787989836904,-0.13287247761934792,0.015530205837768768,-0.36332446462789536,0.2001312806395601,-0.33568776030244096,-0.0330037365244958,0.5584479914600748
-0.2019943747928835,-0.7905417230748136,-0.3960519888313021,0.0428268404506079,-0.11099350080782364,-0.03366461580266359,0.07164440187431644,-0.10771472135882143,-0.30464508384593086,-0.22924630488227354
-0.1944115685168236,-0.6700682323714798,-0.1767375587363721,0.03347477463766433,-0.23237914560139844,0.11979457809390615,-0.20415183175035892,-0.1308620633017864,-0.3734126216378742,-0.4628880388603955
-0.1685445909391863,-0.6385357272651419,-0.39596727889680877,0.15944097966928986,0.15459525943160066,-0.021782731411911133,-0.4860301946699868,0.23183100557846806,-0.16957412383763137,-0.19634867846770962
-0.20625494620552043,-0.5027330980870366,-0.6123626569838257,-0.1295869033899157,0.20836654893822032,-0.2334967777478889,0.16733860564476544,-0.1798613724961622,-0.1258926413189061,0.3725572395302917
-0.020609482367917008,-0.6406478725623611,-0.47952786283531607,-0.07060340185269902,0.12942230630756993,0.17502759796510506,-0.3338392608248003,0.27182445745557554,0.0675632895856309,0.34194584625516933
-0.09527931163261498,-0.6929827995079009,-0.2292470911189856,0.09542646474114505,-0.10080795613089998,0.2578216405110013,-0.051631198911307394,-0.014353470029981361,-0.2201947216918799,-0.5666078827571497
-0.1646812068979829,-0.7717225745825111,-0.2293487747268359,0.06155063527411863,0.26195521979314673,0.16897241343305816,-0.18313943490355192,0.02022605288346457,0.3029487337176974,-0.3131065825426771
-0.2741113766289992,-0.724465279272991,-0.2512644840868831,0.041227872255592844,-0.03619882787347829,-0.01111008323150392,-0.3752084057941589,-0.06718721732756805,0.20584830398528248,-0.3821997522540187
-0.12235799564659275,-0.80294076706918,-0.29631955663491294,-0.00797441739405343,0.09119379280745922,0.13167378574772107,-0.28594490497560393,0.07839990510939969,-0.1917197429693303,-0.3195684389234591
-0.2402151678879869,-0.5162559489684799,-0.3721119063721446,0.032275471304241084,0.3159332742293968,0.13837892234951943,-0.4068412545073796,0.3016920492854646,-0.01026009457251748,-0.40082635009641954
-0.18105999674237816,-0.43799306156239504,-0.1095030001076282,0.6750149805006689,0.38940030536687636,0.126899630255154,-0.14111880415937345,-0.19080778105641613,0.2892437615999398,0.004799048626686432
-0.14932962172584582,-0.7999419886609992,-0.537959017230087,0.09665345171333849,-0.038201154673211335,-0.07139353083932302,-0.02703694179974238,-0.1045031101826891,-0.14435135417263625,-0.002471989027850064
-0.24946409688602147,-0.4277286234191216,-0.21518696830395373,0.5548198176984714,0.5657229632474289,0.09844690698088121,0.071409559530568,-0.08892791467567632,0.1126901209679609,-0.21270778178000718
-0.15528885169008227,-0.48418116675738404,-0.27215036059344794,0.01051373849894799,0.33930107271000287,-0.04125826644660014,0.09572786328088895,0.2580971071467647,0.003168944960820613,-0.6889573046274428
-0.09853355191058226,-0.702607469149333,-0.4280794369024756,-0.021611858109765406,-0.12920490329837636,0.05892013273223187,0.17404124490438225,-0.21522054032942264,-0.46086216371865873,-0.06119761270858751
-0.21392347085016505,-0.584469176059615,-0.4466642980733661,-0.02385121697294742,0.3996384364327773,-0.08725103126624834,0.06073516609139789,0.3345237769604073,-0.05314850470123645,-0.356105815026528
-0.02217447969051068,-0.6787552169108332,-0.22400483597063656,-0.0890416482845153,-0.252790596699916,0.03112008452351384,0.043553235765652024,-0.5418784718156161,-0.2661303044703246,-0.2224118237376871
-0.1016416888421338,-0.5743631471329018,-0.6523986105753287,-0.22091317420039278,0.13744866997381536,-0.010802530657747047,-0.1874621840765758,-0.14283733133879217,0.03808025039472962,0.33067484632178956
-0.1451292685107288,-0.5956082688557711,-0.607393233907239,-0.20533721805899105,0.366390014933588,-0.01649276221860744,-0.004931197436942769,0.026655737110634934,0.01518361179403135,-0.27860245948457335
0.10297776345036731,-0.472641669482797,-0.10075276311674776,-0.09921064714098476,0.3234909311669755,-0.03497494333075545,-0.03228951712008604,0.44831405908245847,0.659683930559081,-0.054138108468055154
0.05935769328839496,-0.36600464670990646,-0.025927186199001227,-0.10282634368618468,0.428566307354393,-0.09613614393477582,0.008421399861101823,0.43530279416717865,0.6781507156214196,-0.09440716731755791
-0.34773885464703946,-0.6811805662049945,-0.3175653101531181,-0.2678494225618299,0.3132768895449782,-0.10688696850884177,-0.2781690836526021,-0.020013923845975938,0.16860209538863322,0.1634233442222727
-0.14658460815323152,-0.63961286145782,-0.48507869926581904,-0.1495367411729647,-0.032499869101693106,0.0887686259760153,0.27181983359111866,-0.20107910075553118,-0.4334948479348511,-0.023938219205711972
-0.20765579784054228,-0.36289678362437017,-0.6498184777174658,-0.3087386596627982,0.5074191627539163,-0.04307744509237469,0.1677969513191426,0.13168975936627578,0.05253129594769665,0.003736368746031021
-0.07573026383791495,-0.6036845728051836,-0.29602334530617774,0.058129872437386224,0.2637937560394002,0.24377109914341863,-0.4270276079166931,0.4061495696495866,-0.19148703164680533,-0.16072377552418488
-0.08717980078564815,-0.5714599636005693,-0.3547268385349691,-0.0005324144282675848,0.38377549832485436,0.02339642449597077,-0.09139419954160444,0.4073985607184957,-0.08125635757864036,-0.45961034634621417
-0.018034310806608757,-0.8732486731015842,-0.33057886504537515,0.08675149204404593,-0.17863249092349529,0.07407855416359206,-0.2104765934150094,0.13910669543851112,-0.13873506816167552,-0.002761148992941421
0.16724605711007753,-0.47322803316797113,-0.16583534685816848,-0.13549033858353565,0.2277942362369735,0.29172659850613636,-0.30578113150459557,0.5592002025875438,0.264827683890439,0.2981437563262975
0.04134484708854127,-0.8754995110916255,-0.21432224851171114,-0.07285053257025463,0.13708270272499223,0.020506419892482343,-0.37239150999139503,0.14232248055576086,-0.015878248373040763,-0.046417225195576305
-0.2874533465710735,-0.6865270400061279,-0.21614898792074216,-0.0018103015470874418,0.20321309357990952,0.13663726244292404,-0.4337679418237909,-0.04404386885129136,-0.1954089047592954,-0.33329131706029186
-0.22522095123250266,-0.7169928168515819,-0.29995934339048913,-0.15667414510376604,0.20049314370955468,-0.33989427938514233,-0.02277591860307992,0.02727655326664601,0.3953680392037484,0.08584967789390219
-0.37589722494586114,-0.663985778490321,-0.4673315482728081,0.057162000355644234,-0.02729371635538913,-0.08349481460522923,-0.33069345422072227,0.15338675522037334,-0.23229850590412435,0.03991625908922818
-0.19110046791865185,-0.7503047828030351,-0.3130163038013236,-0.06254817607224655,-0.20547975441567115,0.05053624625334623,0.14417389981898374,-0.22786915217960033,-0.3580393772236346,-0.23011597528615838
-0.2371895636783451,-0.7673072427215015,-0.5626106987212427,-0.039207520033313556,0.09159788940720108,-0.05299733121314347,-0.08005780513413348,0.08881013267235029,-0.02293288911260429,0.10436176749959475
-0.42896050707279537,0.2556890163858659,0.3380065997121506,0.6889909510582954,0.3224967252045057,0.2159153882184776,0.06601503518763045,-0.07472384660817517,-0.0130613462480789,0.03038401975660118
-0.547899615874101,0.34486877885161793,0.41508929141308226,-0.42900638803923186,0.21151832019782546,0.4075999297563384,0.03957287238102526,-0.09794801275957823,0.0262440738658488,-0.04242235392255419
-0.6549762135676072,0.49555311029387117,0.33020540800024617,-0.205937696197031,0.1731069314953013,0.03857932298049218,-0.10288622785320227,0.1497844413784224,-0.32847255223762883,0.04022166236495046
-0.7192894600200013,0.27993702096035633,0.3391953073826724,0.30893918736344356,0.17927870331526813,-0.10780121952222337,-0.001430140467961016,0.3257016244114915,-0.1576698885821319,-0.13804244041720887
-0.7608948064471079,0.36195658969253053,0.20113689553542796,-0.010665824063710387,0.09647806158332402,-0.2574416225884281,-0.2008497501467814,0.29026893238817486,-0.21264717944186728,0.06369463537196701
-0.7139828428766533,0.21073882442890945,0.3924900373061521,-0.2326166810897806,-0.07935913417267879,0.23782230544697985,-0.019461235471742337,-0.1237653345285891,-0.25164329685625486,-0.3094841361617508
-0.5660425959042232,0.47886402247342796,0.3463996383754034,-0.2772664018514049,0.31168810256412505,0.215040305069639,0.17731545068401985,0.1409277113253524,-0.22188601916443218,-0.09741180669998883
-0.46990327880312505,0.38377156597991585,-0.191708335315893,-0.29600922334166857,0.2900669028025837,-0.17149017556283264,0.2318874687938192,-0.1320906300966011,-0.06729438823979507,0.5641283468634795
-0.6439579762365144,0.012118722987018793,0.2386368374500479,0.2562534720236202,-0.3344467072363487,-0.47830015540389054,0.07526202510310404,0.21551494468830168,-0.253647413243182,0.07405515910464651
-0.6748248974416682,0.42988378382648773,0.2960381407723651,0.05423989318710761,-0.20230919431165775,-0.11695776472270197,-0.3939998907480223,0.18133926529106933,-0.16056210937712986,0.026880858349420188
-0.6636612215792104,0.39110701670660253,0.4116533170454277,0.3076367161093628,0.1089074089881886,-0.0417356487872208,-0.05566573917215827,0.24551991045891078,-0.2537805925123312,0.03323106565159638
-0.3988298006107787,0.3281577654194366,0.3544131435388528,-0.44783431322717504,0.29564273837259814,0.41906695704130353,0.01987774365398418,-0.3374207244787008,-0.04647477284570321,-0.16629343034248495
-0.5153340676060633,0.361218322813796,0.28733972726277796,0.1282271633655317,0.4702416683058271,0.2762336001031004,0.10343034727182038,-0.12241310517438557,-0.31704664497249924,0.28515292241088747
-0.3988298006107787,0.3281577654194366,0.3544131435388528,-0.44783431322717504,0.29564273837259814,0.41906695704130353,0.01987774365398418,-0.3374207244787008,-0.04647477284570321,-0.16629343034248495
-0.5153340676060633,0.361218322813796,0.28733972726277796,0.1282271633655317,0.4702416683058271,0.2762336001031004,0.10343034727182038,-0.12241310517438557,-0.31704664497249924,0.28515292241088747
-0.7351003336440768,0.035217411106759584,0.4103452347771495,-0.022566105829473788,-0.22219368975246023,0.36358323138618787,0.1730189934944703,0.024671376177882936,-0.2278684457068491,0.15957353547015005
-0.5889643862138726,0.44988559197446204,0.37614116020499877,-0.053485620251168015,0.2545260998940833,0.28739136056311904,-0.07866894248123782,0.0718591018841946,-0.3682518945603492,0.10973468638434167
-0.6642814172022508,0.21449725476065012,0.2661846448283978,-0.021206630341498223,-0.12678203622462733,-0.4116991164035878,0.11902245671212537,0.04119287926976651,-0.36688275250968383,0.32462461458874325
-0.3919462854716637,0.2420169684019308,0.08645150889764973,0.01883721732585839,-0.27888551427502384,-0.5415131338931924,0.3502819451041587,0.11964479076871429,-0.28855054979308364,0.43438445080600846
-0.5052458039151978,0.24080069796516945,-0.15602484318564463,-0.295522539770009,0.29864312924168235,-0.06721195246909634,0.2288647745812441,0.18872367633876763,0.4342899271930341,0.45249945985393697
-0.5747123867590723,0.07186277040557322,0.1749314819893224,-0.4649687341243645,0.46345218102657304,0.2838520114613199,0.29484162686982174,-0.08264490052268272,-0.15858573270502024,0.05893538823976169
-0.3242932730893225,0.1686399779799277,-0.1930278084976525,-0.37774257798730687,0.14177175558028476,-0.2125447713780686,0.616838704221772,-0.28916998668872035,-0.06380140914511875,0.3911404379773549
-0.6869420010856595,0.20194263206307425,0.18274527347295744,-0.037771911785055595,-0.017366088893876603,-0.34480893219411857,-0.008188924660386976,0.4158034497654779,-0.24338707958813932,0.31798693307199943
-0.7105224133298507,0.35719647318519554,0.3394990022435635,-0.1631649676377037,0.09707969580463773,-0.039291878420209064,0.03850814499671711,0.3086198310308361,-0.3349385615555378,-0.07619031507089707
-0.7502630797409964,0.36717693755772735,0.2138070265596159,0.0010730918525369288,-0.06252156279370266,-0.1502327618288337,0.17177153010206234,0.2881590247748045,-0.27457496847680485,0.20533019165042826
-0.7726201283047371,0.3215519850739146,0.11682086848205071,-0.16659572368093026,0.1615201818611232,-0.142531786630285,0.1635315376094311,0.15045471784460254,-0.2978341507325979,0.2716114157505905
-0.6101124685415128,0.211782965257842,0.21614092677903068,0.16859844524704007,-0.1300780194761362,-0.36062270132689156,-0.3286745888352587,0.4881280704522195,-0.05483808590161335,0.10722022826983284
-0.5532892239243902,0.2613477117591193,0.25097914164182744,-0.5091845930257412,0.3884211761427991,0.23017118889285534,0.09621536724829471,0.04848827269425505,0.27173477519895445,-0.1183674158070187
-0.7168763957696455,0.27916856500829446,0.2558435238161313,0.36957918468089057,0.26950850853864905,-0.10615327450988829,-0.09782078853685126,0.23512062984092957,-0.169758621099063,0.16892750671031742
-0.3566765062901447,0.08682288166380435,0.4122144242553315,0.6815910824243873,0.4358855877606136,0.12333149607673831,0.044601291764650906,-0.14135985565784107,0.004247390049362933,0.059663171159370754
-0.5013527027401883,-0.04335781681361307,0.2394249848338853,0.7499288205134724,-0.05138451763126306,-0.08347626016432416,-0.25981331803637847,0.2018640317456489,-0.00449060522839974,-0.09574518388208275
-0.7171492500004859,0.2734529641382751,0.41194352583099575,0.12088236319607301,0.1230522346023627,0.15156776643306372,0.2626317127762203,0.1619019761849596,-0.30392394234553033,0.03063243347228534
-0.8354936620577779,0.1782898071349245,0.22370075452013718,0.09733970850534221,-0.27631880627981675,-0.2815004280648231,0.08578782044767219,0.08818340864791221,-0.13915589851643384,0.14335702777983067
-0.8720747007911044,0.09305951776661112,0.2636642208307346,-0.16711257434601084,-0.12349091637684277,0.09135769022709223,0.17332442430078931,-0.2396066575711741,-0.121308457862861,-0.08726698224646569
-0.7776912812160773,0.4659372018160736,-0.007702691899464031,-0.3366806264761066,0.19955738274118992,0.08286430438480318,0.022801195320891855,0.11570284215467938,0.04580633676278106,0.04461742654404601
-0.6616958002446464,0.3140768817136308,0.0900504077040994,0.06324647267951594,-0.2777096757999503,-0.4442560105348071,-0.08630074925952536,0.16628374906439955,-0.32727799639777455,0.1863065476480584
-0.6708267162177345,0.42368485826600993,0.30911562655384667,0.16139738896754255,-0.08792334908587432,-0.32923556189799524,-0.10132169632568089,0.27174613276633464,-0.19977304165739954,0.09345150835454005
-0.6594393398880093,0.2348695306695986,0.26109808312290694,0.2028660149423182,-0.24396991839040524,-0.3275076593947795,-0.1407389970919738,0.38936607487732483,-0.24730872154828032,-0.03593931244102661
-0.752801789345739,0.404863543161993,0.3496001129932883,-0.11522316888093784,0.045991727954109454,-0.0892452576066286,-0.18914509676816077,0.1452877968126765,-0.23810230611224886,0.10110037076449124
-0.6492412182565898,0.2791008544670112,0.21364540488265205,0.18710956695586506,-0.11037105873097026,-0.38524245172955246,-0.304405750345276,0.33687750278788525,-0.22539078066237792,-0.04889141563853131
-0.7503713171076802,0.3273608942473788,0.2013324541508272,0.06877968963010053,-0.1469877483344384,-0.27337056565302076,0.018353629091484483,0.34650065544866454,-0.2528180154745443,0.062120490806850726
-0.6105141679186195,0.3647349058594832,0.25248437773561166,0.1437332965061372,-0.197843158238646,-0.330445900005948,-0.006655674810249126,0.49397106144338526,-0.12977870474718164,0.024548927555516898
-0.4444540296413177,0.2180045504106311,0.06147551140535369,-0.0240525282960735,-0.2503684353452738,-0.5310919339965157,0.34586875303956155,0.05327013888975843,-0.31019844000555014,0.4326059395502079
-0.651132325113987,0.34343675220035097,0.2653057481976767,-0.13683883682906633,0.021904570438913137,-0.19044171565883541,0.24580998114711916,0.3186078327463389,-0.14247447336355565,-0.38727968496938237
-0.3748781681475049,0.10969721196880122,0.16972285575700485,-0.24697117202301533,0.2571826351630452,-0.05625129562146857,0.7373585079850057,0.25453948625118716,-0.0535623206706859,-0.2774316411530687
-0.6298667504003777,0.048136349446527546,0.170304477767947,-0.23431078542995684,-0.27876952307200836,0.08185160574154784,0.4994910437586063,0.19860345330900625,0.20859238491397808,-0.31652497440758637
-0.698348652335576,-0.11950863797801904,-0.06883458183155304,-0.02292056592251772,-0.03382343343942476,-0.1532920478729539,0.498741254787393,0.39839011442023226,0.17732036999018438,0.17094086852695597
-0.6557679097881522,0.2250091977583159,0.13328018645386597,-0.4074497679633263,0.30982780860469405,-0.07808928036430918,0.464196108377401,-0.08140515178386334,0.09572173136618971,0.04692233565872434
-0.8011757823035357,0.2813904511964314,0.2647537997302945,0.06648728287507193,-0.14255905668455496,-0.20197563564914123,0.09403660267675666,0.3256909134110096,-0.1682987158991368,0.007905253734105201
-0.6345792142971716,0.251967675950235,0.30045332431952015,0.028475102418274636,-0.3873900355516242,-0.2239361533883465,-0.3899358994288239,0.03047653800325451,-0.1247792551693613,-0.2719767481130177
-0.21486883382620448,-0.04655900703618871,0.15075879499918032,-0.27363144473081313,-0.01864069994912958,0.4219609553984782,0.6666358528018584,-0.44285905191595776,0.15896044159914666,-0.09933184597774443
-0.4683124173308938,0.33959872872338,0.18661560741057778,-0.514894326798743,0.20073836561674757,0.44628293885723125,0.04523681228022616,-0.31751462679954734,-0.14077569539968035,0.05718893028098061
-0.6679634115449432,0.5296764111307581,0.3582814902197379,-0.24545075336503436,0.2588707424103273,0.1073684392553275,0.036005282885755184,-0.006341053133962073,0.014603712001785197,0.06755872251886431
-0.5474955768563304,-0.01801628628436596,0.16559349969680331,-0.024731742956526772,0.07280012187105796,-0.08242830356933573,0.17393240782230074,0.4794893718749248,-0.05704812264954057,-0.6295870305178636
-0.38252079282069984,0.279738847043946,0.2896676703410874,-0.2917095724129385,0.3573255413447972,-0.010738149103586388,0.48314969699470056,0.3527092562144146,0.07052015213919097,-0.3403157288600105
-0.26042189735300025,-0.11755020219462918,-0.023429938595483223,-0.13377595699981856,0.2856372449885465,-0.1450206580672266,0.6276114033701147,0.4035683418025834,0.14377961899780115,-0.4688941572185742
-0.3713428119266591,0.18941661416320643,0.046980240746646515,-0.0736902654464088,0.34237911774162993,-0.25796724133809196,0.4567208969709289,0.5440622158925587,0.06474811137969402,-0.3550041067071808
-0.2527344556827901,0.07047814359980605,0.08893984331685943,-0.25138393576666734,0.4471552694102341,-0.04191754799520293,0.6797771201412908,0.24160503758803314,0.01283000405123318,-0.3710990369752474
-0.5555760010232413,0.3624130120103339,0.25885169923670037,-0.1676771410721007,0.1276648768400156,-0.28324485928278625,0.3305283671202391,0.4934554614842083,0.10721877638647313,0.0640559047902822
-0.23237427606902486,-0.020581699097613097,-0.43612170856653004,-0.3175337295624896,0.29463737705668114,-0.09622620220543913,0.6634795100486952,-0.3240396751659085,0.05949928598932847,0.0986467083675434
-0.47759119970880276,0.29800126485724,0.27441681906014376,-0.1577502685115308,0.34090330558003,0.010390961225478244,0.43149288581113,0.3988545096379243,-0.12871064352898084,-0.32365360858994413
-0.5206849954713645,0.3625753161374311,0.1806750474899915,-0.13481510226033422,0.03345261439740672,-0.35626737028586364,0.43626414710420613,0.19332695636015082,-0.3059918112876712,0.31181640081348483
-0.008153781319824884,0.4012755913815436,-0.047935572931402076,-0.505221260025102,0.5078770566061026,0.05607027306298015,0.522250197406178,-0.18100415380362858,0.05754172530117187,0.10706667172438293
0.14379999447141437,-0.032154049726012275,-0.1688878223707541,-0.30877748913271374,0.05787289713933881,0.5903796823236656,0.4975661205180018,0.15308606901857796,-0.08257621973398746,0.4740225542436306
-0.07818694601429459,0.2638448168482193,0.169528368031378,-0.5258246312357895,0.38272422699734976,0.3356194087915358,0.3058053969237342,-0.1432084223127095,0.4598617063804974,0.18553894529502762
-0.07533755055795742,-0.09343930583963535,0.19498804493036895,-0.5191753623975056,0.539518698689822,0.22022086263745355,0.48460382477090946,-0.051665863076661205,0.29929975361244354,0.10659141398125081
-0.5852054925209595,0.39073498681988467,0.3310533691651344,-0.34733979892986033,0.1780318087763547,0.3617631674758464,-0.0807609941410404,-0.19500570315960034,-0.16540081276606503,-0.20036099136436555
-0.7685996142938301,0.3039530939885748,0.3600094856323603,0.00033453590110359984,-0.20346567963636303,0.04186066921466881,-0.35247126925693256,0.02383073005635029,-0.11373652156817601,-0.07981048678322673
-0.6888291342610691,0.26674550393613267,0.3013807759876714,0.15112472457432555,-0.35862391615014994,-0.15479995997722854,-0.14814562656162245,0.13957386312583317,-0.19871966926005347,0.32741497778592443
-0.4392064963982808,0.11610684273444367,0.2735834415508973,-0.16273458367561885,-0.12593057058253943,0.4005160550930172,0.03697932134630499,-0.08932244221702411,-0.4100057635619357,0.5818626095028845
-0.5548562242381557,-0.18690015885936404,0.298675508997525,0.15421613661897596,-0.6953350625143344,-0.21042266589437672,0.014949303932921097,0.0060613311674447175,-0.12007137587964167,-0.042039509521022964
-0.78344429685924,0.4038489294684166,0.31898325069301303,-0.10105238300382142,-0.2117399672463082,-0.03148902023378966,-0.0556253282386447,0.19136967142696867,-0.16003351666173574,0.0025594313656678628
-0.6252472882178882,0.15947813406386602,0.33590537670192006,0.17511555051289152,-0.5158506611209565,-0.1897914623581224,-0.1764286663913949,0.3233277756146902,-0.046035145870009446,-0.014993731228997388
-0.6754166012425581,0.28909317973021026,0.31152907663318996,0.08380678666039271,-0.14982153493736025,-0.30926423349738646,0.2331812864981966,0.341757687366195,0.16638238350845377,0.1980348956134958
-0.562025380423587,0.30250678595983155,0.37144906796056804,0.3138993605472307,-0.32381176758228103,-0.3221948854006947,-0.17228039437101186,0.3309077345324994,0.023141971926263914,0.08792200316993308
-0.8031683864853839,0.24318994862751547,0.28066190185783024,0.28049319227178526,0.0221107256235126,0.2120928015530248,0.12248968966919772,0.1093096871334582,-0.180911505278657,-0.18214860030994154
-0.5465394301245308,0.04122829081283853,0.1739989707040333,0.7380972576147667,-0.0518032013521559,-0.20467314308679946,-0.16197250544178823,0.210956764656639,0.03799040057849791,-0.0881810017540049
-0.6528199969080107,0.27829967052328464,0.14691465463901954,0.23161449235096518,-0.2267944154648383,-0.4010277168068584,0.17301203781219507,0.40128314238322377,-0.11625141965790703,-0.06641913515122806
-0.7281193329837,0.3086121264693214,0.23385149978997763,0.08025838340672893,-0.2187775537829826,-0.2439703751419712,0.12095145134047018,0.4109854620394798,0.10194582625917945,-0.11025626151540932
-0.5639034906977328,0.43161370848779956,0.36104788143066024,-0.030316754259667626,0.00829986337929885,-0.2289275901679917,0.23483047464699183,0.4073492532276394,-0.08382734256735815,-0.2895949982090858
-0.6965003168838262,0.4407062375253799,0.2484519976790491,-0.30119999446653495,0.19600867510756134,0.26843751997546056,0.21254289386943648,-0.014391878136665663,-0.042767955145621955,-0.10259961132271203
-0.12037847623321653,0.16696333022054155,-0.6077276404464856,-0.29746926786404915,0.23052849390543004,0.1576272372586823,0.19970088467431785,-0.23259017386274983,0.36204224150882275,0.4435859208238644
-0.3488670165575062,-0.020048502410508953,-0.5806440826612559,-0.28964007214408566,-0.1963933827273865,0.11488026906442783,0.25543003129320235,-0.535751781164037,0.12722282614601596,0.19137132436525914
-0.551068101413943,0.2733302684766917,0.18989749158419095,-0.24119189299948002,0.301699046690179,0.2379457013421852,0.4962744166864455,0.20736028701011966,-0.12357139761068832,-0.2741951462462721
-0.6991863540235266,0.4280094469394916,0.2627280248434312,-0.012286337800930561,0.04647903355181393,-0.17835751207441664,0.18529166541880177,0.31217612726846367,-0.1474108673740646,-0.26698461442539984
-0.6495131693745962,0.17511255160336603,-0.16344667487290546,-0.23525220595649643,0.23678046253806306,-0.20461711856729545,0.5184484040444595,-0.16164850943264258,0.10923907969737323,0.24622043721800427
-0.7128062421702793,0.4460274231368848,0.3338793172452438,-0.1752934487667981,0.012515100810804864,0.31515563978719896,0.08911140658139453,-0.08157499727961766,-0.18665638111729127,0.042988075723113646
-0.60126579609144,0.07321706972279937,0.3266881581085789,0.5637297522867236,-0.2612030770290945,0.04176825365984041,-0.13970297585819966,0.3265527582685075,-0.06448306007179631,-0.09120850834334095
-0.750517141547815,0.31428780518092253,0.25257804685211616,0.24396106828032224,-0.08287956282500558,-0.12165869138633456,0.40571045294711255,-0.13303885572512314,-0.08449917079281691,0.05936535536468233
-0.5869868036698621,0.24538179475606314,0.3769263977708296,0.5674760536911119,0.08471180763894441,0.3143726774893021,0.08704351276108589,-0.08041487549910839,0.022058577694686953,-0.10293546230484196
-0.3683393423518019,0.0567241805038019,0.22566626162748574,0.7677276999459223,0.2569641158509636,0.22379276248689192,0.13545320600358635,-0.2818651026150806,0.08277752181124427,-0.004003840428918459
-0.6182586624309369,0.19505570959182048,0.22868868254876693,0.6672691757968756,-0.10147103742785592,0.07579989006694463,-0.042146920760827475,-0.2226367437589649,0.08141869155015843,-0.09026820749525967
-0.7190500810323219,0.4328951211400345,0.22936419767745936,0.08760277247421004,0.21244634365968854,0.20403825297690245,0.19693554252963846,-0.30502217519898767,0.1292257699349,0.00034876511233467966
-0.4858599908138713,0.2720943194921082,0.2677580700058443,0.606942826972153,0.07131402003492372,-0.2602915016249818,0.3689712008881221,0.1600534076053816,0.0010126486315148553,-0.12343237120128009
-0.40378276324970147,0.22254976144373212,0.04408289001714804,0.19805039605507205,-0.2094851333493057,-0.5655346014470728,0.3627815780535259,-0.08249284737055668,-0.18410499735414568,0.4585195997910931
-0.41373742016764037,0.20622194706987698,0.25231694804997923,0.7739134063359681,0.2139428846648223,0.014274748712369582,0.08985678286339988,-0.14487097405019156,0.1743139728615867,0.1351500088302944
-0.7224883465945974,0.35186526631907933,0.38574943659650696,0.32174140067590856,-0.22370789686091755,-0.12765165190585603,-0.11161965194343795,-0.13773425969857747,0.05711705333979974,0.029138780356262356
-0.7259081254411758,-0.0267204915287233,0.1772009531108565,-0.01796639604178143,-0.6246545526718124,0.09897859473530486,-0.1074675193549468,-0.09489318528605019,0.03151301095840845,-0.13814236497799773
-0.555152898647796,0.4238457586943534,0.4199976472471883,-0.1256349651226016,0.053672352896984445,-0.2428866025111517,0.3819504702501311,0.250993549296979,-0.014423842195665795,-0.22138489091092345
-0.7969383764104322,-0.03984526888174817,0.14383275862915476,0.017963987026758853,-0.16132621539257577,-0.23658529089484912,0.3707000827516798,0.13860987549019815,0.18131747259841677,-0.26605448506197915
-0.5167585385258872,0.2579416116562771,0.30897847444433585,0.6480926848472576,0.30377589747359307,-0.014249353634061011,0.22077044645219468,-0.008355439587018282,0.08198757095700339,-0.05404356446957277
-0.5732239662750468,0.12490386191974831,0.16607277201255422,0.7151824510796057,-0.16596700491716035,-0.04230516368617862,-0.18190260100288685,-0.15701567501033717,0.13644205909648197,-0.10513571368725334
-0.5054881730307472,0.28877569521269747,0.25955927586767524,0.4772964217259262,0.4180314010812097,0.18972927352988211,0.13855812638469384,-0.3242588839657377,0.1583880802395569,-0.07570337637863096
-0.6711770563485127,0.45512117102486843,0.26645411644890393,0.2668754252695927,0.1476364917423977,0.1460461803150048,-0.06102227438714017,-0.37652372052690536,0.0736812030359922,-0.07821137820462244
-0.5341004373599437,0.4087132823714271,0.37050682103743504,-0.00179408446320777,-0.1234867635833822,0.11852795587979491,-0.3343848722265445,-0.47931361700228614,0.1702928590557547,-0.1027587041678864
-0.6501518477018627,0.4055301933036257,0.42806685470540656,0.25709949996972903,0.26141950361848987,0.060377187822156904,0.03697200424659543,-0.23235987861484633,0.18639039321548384,0.03770238208024302
-0.4785752528484946,0.1429007095301609,0.26762697620042136,0.6034963350572206,0.27891353708851796,0.23558217543896065,0.20411384692177473,-0.2789563376960375,0.23665683247506603,0.07704420808986277
-0.7380747717893587,0.4703123351989089,0.3986503369230024,0.10556871591204461,-0.14243475084728258,-0.11337480394907169,-0.07213624097321851,0.08643700142073343,0.12081853490597301,0.059761847587704885
-0.6587100547445315,0.14564415468427824,0.2945917944667552,-0.036432141108212586,-0.10068851874337115,0.4856715219730362,0.31399751341780646,-0.23440907021025373,-0.23774591953023058,-0.026401510692967384
-0.30755461259656686,0.0792390982766686,-0.08832836190996973,-0.3785521905821828,0.2747862211691264,0.09673726739524599,0.31108508340788094,-0.04687688612565731,0.6792262929801286,0.3206904584920595
-0.734800385064146,0.3680954466407966,0.23801249107063266,-0.21041613194822933,0.07562000980308034,0.24568125466490837,0.315185227130925,-0.08544209589915445,-0.1798020631137537,0.13638444175446002
-0.6110106900787522,0.039426175692229296,0.20832511611130317,-0.051685262964145134,-0.631339843672855,-0.13034025110462402,0.23362315098398292,-0.26669019383181464,0.09007225475650216,0.17217945976153604
-0.7103415543354428,0.15152952914466639,0.21836784288427577,-0.2194431164588955,-0.2773689793276774,0.22770205339137314,-0.04332527092995506,-0.47052678235656886,0.1534569963029013,-0.031788744425732166
-0.7062620195263113,0.10807213685093625,0.05726387118383531,0.034385306142431994,-0.3602202956623454,0.11805527277941955,-0.025806555820522725,-0.36456115033110914,-0.16041032254479512,0.42667889767194445
-0.6923267600889284,0.26741089457674383,0.20222785180564637,0.1319406718480461,-0.33175414701469313,0.016729459815657825,0.02565645295031021,-0.11952128896594019,-0.23034913249635416,0.4610050129550962
-0.7326999182372224,0.06122225778907835,0.3109137516624847,-0.04080321251890016,-0.4128824854537671,0.07367664820734733,-0.28078765128325983,-0.12827418985632613,0.2821206363567201,0.10140108579958572
-0.68891967987808,0.33397466198095144,0.2267200165597173,0.1084055201189237,-0.4812558409279201,-0.25506042248755895,-0.15602723313122321,0.023526988412267063,0.1500462206473211,0.08137560193723874
-0.5660703496092163,0.265037863495281,0.18654141913801156,-0.13148119277120576,0.3170255801853231,-0.15316239697692946,0.5519227330883566,0.19836311054861597,0.058850935316083416,-0.2929851314439237
-0.6196135508247276,0.285064024207094,0.3220631954185068,0.5311929261249418,0.1408352593232904,-0.029077131884415845,0.0807727960460619,0.07556602357893595,0.2804164242794986,0.19333658152367236
-0.6417082026252319,0.15054223409828524,0.23672115112539296,0.019264726239156614,-0.47140735839688663,0.15803867029008903,0.20190054343185487,0.2419399327333429,0.05348470169604387,0.39972377050482355
-0.63589436383473,0.2717667520113063,0.2382460707252908,0.054097975857762,-0.21502234705842033,-0.22387695149714046,-0.042424284822443564,0.28710664574290934,0.37567943033687173,0.3746636222528959
-0.24728566943733887,0.20464346866788694,0.06682285819423638,-0.42050830837640973,0.3093812946083637,0.11219329694359362,0.3034724395958827,0.031721750745010185,0.6334190315399272,0.33623315529177245
-0.380790979364178,0.26577041059114076,0.09241185956302846,-0.5781704104088813,0.3026860688058495,0.10160733673393063,0.1504178924036235,-0.09432517891685316,0.4663353598235485,0.3010132670612889
-0.7309020879761885,0.04952350861506034,0.21773895147609912,-0.2049270512435143,-0.46715814713458115,0.1936267395644877,-0.30568545922463963,-0.06726927647919424,-0.04725116310186878,-0.13414445908328665
-0.6147156288292331,-0.10912021791560757,0.1154596299533364,0.24888963937638567,-0.515644340315119,-0.190200074237811,0.21033531683220125,0.1279500087149368,-0.18815495504099708,0.3699471633823466
-0.5304975906484541,0.2111663224528465,0.40679853424495593,-0.3838912755628085,-0.36729418144713094,0.27256794489374436,-0.12542393529498558,-0.16801650781861624,0.24446652373252692,-0.21954644083203406
-0.09942830586976696,-0.2157390575886389,-0.5897732003699204,-0.25345999671539887,-0.19466377690486314,0.2625853951409992,0.4761693822717103,-0.44469412532870123,0.0072414837773486515,0.01042173837161478
-0.25469363778822746,0.01737883275614821,0.11269773353247721,-0.34433711682012896,-0.3419460660965525,0.5891742440514951,-0.16085403197286605,-0.17523473541163315,0.10174212217770144,-0.5220863955174304
-0.13917460041841676,-0.05912541239931277,-0.21090996384843616,-0.4077330449086238,-0.007623129790128213,0.11377132324072856,0.7123171669420768,-0.26905539887758645,0.3772246017380871,0.17697001781152982
-0.6545845962544939,0.1012899334569661,0.17358285995455694,0.15227665478432292,-0.3170441936382503,-0.32503072627029117,-0.4350594974301163,0.32923613212312486,-0.036225701792313485,0.052845762885110115
-0.7265302914538175,0.3638301304177469,0.3021638374214092,-0.11913311615435992,-0.2605333937917677,-0.22060905028264263,-0.32286004791119904,0.05688416433839655,-0.0944144052303793,0.036758493418321506
-0.604556513921124,0.20082546511900684,0.366174220182891,-0.3188544103463287,-0.4016712271853843,-0.014383373487871238,-0.29752569039637555,-0.05707281936138992,0.32319808687269724,0.025423548455036707
-0.6728429562657446,0.21532568395774507,0.3363247403112962,-0.0779503930473444,-0.4732563930593787,0.29578959774105207,-0.08672591311404311,0.035829762065735626,0.1828645554292218,0.16738850055825535
-0.6898088433230025,0.20984406511090348,0.280004092109716,0.08614176502099609,-0.4053159541520284,-0.3204527523900637,-0.027346267894250858,-0.08941741307402899,0.03675851360138933,0.34240482338407197
-0.6671337193962311,0.26741398269085603,0.2968340897267593,-0.023472958800000648,-0.21426355671577968,-0.18832161786839588,-0.1185733129107154,0.22401929246889934,0.39482058048387636,0.30538408191594557
-0.40288593941403605,0.07070262199899356,0.19838173664607964,-0.3354340298827621,0.18489046315662036,0.059833953448827665,0.2915355195237928,0.02727283256267691,0.6798189899822734,0.3084761679526134
-0.5513498806022542,0.27335466092972727,0.2958462328408359,-0.4151569293094581,-0.008480923046063085,0.3253762764528901,-0.23529623470120672,-0.38781558706788183,0.1546105346324453,-0.1606205362876705
-0.4597440931038251,0.07035655292411352,0.18863854726364787,-0.32356698917414467,-0.1981356039028681,0.10131110485140751,-0.40434921545005953,-0.25348506824726236,0.6048101134575808,-0.018311952918258066
-0.6783134794863851,0.3379400579593337,0.3061786453672401,-0.07951165641020408,-0.3721102552484409,-0.05760792348486823,-0.37896672677672155,0.11588991685820291,0.1629836860674793,0.015007488890514698
-0.6397157494381586,0.3695981191287018,0.32600212729073186,-0.18601326168311164,-0.26329394791168015,-0.021714696976982664,-0.46299912862759457,-0.029369212845791498,0.1680893902436111,-0.0016284286739145731
-0.5913389085503171,0.27445268250896737,0.4499126789230038,-0.1652141395749659,-0.3181787053301546,-0.026572426567327036,-0.45592848913187095,-0.08179024673533579,0.039002865950751336,-0.16508013851539466
-0.5902979849967797,0.23987616913137683,0.4532076217469684,-0.1033702848028568,-0.24417733227607893,-0.14938989260813768,-0.4456204150243455,0.05397605831783646,0.015190089898978442,-0.30702366456310326
-0.6085891361247139,0.32522086526032495,0.2540707818665738,-0.22105603130616996,-0.21319672657474742,0.05910276316754036,-0.519970818726321,-0.17782906613909866,0.1399210497711462,-0.199790417485583
-0.45656053941905383,0.04920896045896339,0.08966182918288527,-0.3006489326840595,-0.2933546350835982,0.1204453602616139,-0.23322774784826278,-0.6361483378500615,0.31649253912932823,-0.17575688761913835
-0.5724068632701038,0.26119288117434697,0.1754487670680382,-0.3083191827233055,-0.2143581324016026,0.20050778687510892,-0.3075315000499185,-0.4650495118840382,0.2027206884913126,-0.20047578983777187
-0.7099144786790758,0.26198715322847166,0.29832143290551016,0.06205179327103113,-0.3517896436254009,0.03396027418249524,-0.31590162296456054,-0.27857512551614283,-0.026878384198609752,-0.177506126813603
-0.47166084050242363,0.4049932400813887,0.28090304281706757,-0.33598176988434714,-0.04898095942305504,0.2815257003523168,-0.43602631412852566,-0.3538183229638341,0.12441972119995302,-0.09635239602953852
-0.26492185046945566,0.14465210357144234,-0.2015736278037305,-0.5822056737926447,-0.0033265850469218657,0.5567663286904658,-0.05010999002499612,-0.32007791057874074,0.2790611007670538,0.1909476871299575
0.27618500867900325,0.17175860260422554,-0.4135364936753757,-0.3265964367043066,0.21941803560433037,0.5439236805237809,0.047860175837685696,-0.03298090585114074,-0.23615933156968086,0.4619484260074222
0.010411144701721163,0.04285737180753189,-0.6770867490442921,-0.2224992792065091,-0.041988738561508615,0.32524816339727597,0.3306808586691759,-0.28843484749047266,0.026357346092867183,0.4351020978800076
-0.5684810616592213,0.010345407002370414,0.029963538490321084,-0.440494385730511,-0.33031228353794573,0.13162549313937483,-0.19265284178092026,-0.5365719472286202,0.1576275082167276,-0.07407198622941648
-0.8458494311223067,0.23250107341559084,0.3416533743908108,-0.18806556686611983,-0.15867750289034857,-0.05197578136165772,0.18697616011374132,-0.10929406547452751,-0.030899605617687027,-0.05144133026600306
-0.5934979978875004,0.18440855657931846,0.20269806491696782,-0.31468947353562376,-0.250311202006704,0.16715856461080467,-0.4803270026648547,-0.2808491258957476,0.1125801711440418,-0.24652667396375924
-0.581378908845606,0.3386017563251344,0.11396014442176126,-0.3379803775406426,0.028212586222573978,0.27336258546772013,-0.09888343198674855,-0.559271076735848,-0.005620093265060696,-0.1483679744616728
-0.42064846206939466,0.11441516822230181,0.13542949510590305,-0.39079816550490737,-0.13019149133188967,0.29914957917395285,-0.2471382565994475,-0.6608308040665565,0.12312782964222897,-0.13972923561956702
-0.8452409163015935,0.16601287313926985,0.1841236816298193,-0.2091196320635993,-0.3506582899771954,-0.023335102381977814,-0.2316733772866196,0.04037549752112977,-0.029615408262390924,0.026256397838042855
-0.5408807220374752,0.3840672740554719,0.26971598812481956,-0.42840629553034715,-0.014571204820836207,0.32444638371075074,-0.3206393233937574,-0.2662042681590512,0.15574835685295596,-0.015877359976486184
-0.6056118563076301,0.26176220756260815,0.3331809325921625,-0.0614226539105464,-0.43062545424791937,-0.04593295875777984,-0.4744420012208507,-0.005758326092038469,0.04646385980719902,-0.18734238783226984
-0.6198056030715465,0.4998454482863816,0.23870933639674902,-0.18319108487478658,-0.27640341058290996,0.12319201310456407,-0.19352328602104368,-0.16914806489025594,0.33770883979832444,0.06139799122832958
-0.4706924806960947,0.19196522643079683,0.257837688939856,-0.25689414812424205,-0.3940625671033843,0.2674247824471783,-0.4571425212165894,-0.2835312416239953,0.18661339023523968,-0.24109735611154973
-0.46843841312319523,0.10836001609454618,0.2858272094339206,-0.2693160488803562,-0.4350966844403062,0.40906097733283914,-0.1936562641987999,-0.36299908346785226,0.22966454642953193,-0.18957409382412982
-0.6226745823559584,0.24965149405694656,0.22217033022241833,-0.394631767625254,-0.24572041093539404,0.3565294322786348,-0.19223131727675838,-0.28521386224405465,0.14458829546768578,-0.13475626210767613
